세션,순번,날짜,시각,문제,모델,회차,상태,종료사유,입력토큰,출력토큰,응답글자수,제약초과,응답초,초당토큰,미리보기,원문경로,오류
0915-1031,1,2026-09-15,10:31:50,q01,luna,1,정상,completed,134,1298,1913,,19.04,68.2,"3초 주기의 반복적인 down/up이면 단순 라우팅 문제보다 IKE/DPD 감시, Phase 2 재협상, 피…",responses_luna/0915-1031_q01_luna_run1.md,
0915-1031,2,2026-09-15,10:32:10,q02,luna,1,정상,completed,167,1441,1913,,18.91,76.2,현재 정보만으로 특정 원인을 단정할 수는 없습니다. 방화벽에서 서버로 SSH가 되고 서버의 외부 통신이 된다…,responses_luna/0915-1031_q02_luna_run1.md,
0915-1031,3,2026-09-15,10:32:28,q03,luna,1,정상,completed,126,1337,1842,,17.37,77.0,가능성이 큰 원인은 FortiGate 내부의 로그 생성·전송 프로세스 또는 저장 공간 문제 입니다. Ping…,responses_luna/0915-1031_q03_luna_run1.md,
0915-1031,4,2026-09-15,10:32:46,q04,luna,1,정상,completed,139,1384,1958,,19.58,70.7,"FortiGate 정책은 전체 정책을 단순히 위에서부터 순차 비교하는 것이 아니라 , 먼저 경로를 결정한 뒤…",responses_luna/0915-1031_q04_luna_run1.md,
0915-1031,5,2026-09-15,10:33:05,q05,luna,1,정상,completed,136,1434,2049,Y,19.72,72.7,"show spanning tree summary 가 정상이어도 특정 VLAN, 트렁크, EtherChanne…",responses_luna/0915-1031_q05_luna_run1.md,
0915-1031,6,2026-09-15,10:33:25,q06,luna,1,정상,completed,145,1183,1760,,15.59,75.9,"유독 한 대만 시간이 틀리다면 NTP 서버보다 해당 스위치의 동기화 상태, 경로, 로컬 설정 을 먼저 확인해…",responses_luna/0915-1031_q06_luna_run1.md,
0915-1031,7,2026-09-15,10:33:41,q07,luna,1,정상,completed,156,1346,1761,,18.27,73.7,먼저 Cisco 측을 우선 확인 해야 합니다. 현재 관찰된 장애는 “Cisco Active 장비가 꺼진 뒤 …,responses_luna/0915-1031_q07_luna_run1.md,
0915-1031,8,2026-09-15,10:33:59,q08,luna,1,정상,completed,131,1242,1849,,17.12,72.6,"터널 구간의 통신이 실제로 된다면, IPsec 협상 자체가 완전히 실패한 것은 아닐 가능성이 큽니다. 따라서…",responses_luna/0915-1031_q08_luna_run1.md,
0915-1031,9,2026-09-15,10:34:16,q09,luna,1,정상,completed,145,1240,1966,,16.89,73.4,"Cisco 정품이라도 해당 스위치/포트가 지원하는 부품번호(PID), 속도, 파장, 포트 타입 이 맞지 않으…",responses_luna/0915-1031_q09_luna_run1.md,
0915-1031,10,2026-09-15,10:34:33,q10,luna,1,정상,completed,216,1121,1906,,14.39,77.9,증상상 1순위는 L2 루프 또는 STP 상호운용 문제 입니다. LLDP가 보이고 링크가 up인 것은 물리 연…,responses_luna/0915-1031_q10_luna_run1.md,
0915-1246,1,2026-09-15,12:46:23,q01,luna,1,정상,completed,134,1846,2866,,22.6,81.7,"FortiGate에서 Phase 1은 올라오지만 Phase 2가 반복적으로 내려가고 , 약 3초 주기로 재협…",responses_luna/0915-1246_q01_luna_run1.md,
0915-1246,2,2026-09-15,12:46:46,q02,luna,1,정상,completed,167,2310,2917,,27.59,83.7,방화벽에서 웹서버로 SSH가 되고 웹서버의 외부 통신도 된다는 사실만으로는 VIP 경로가 정상이라고 볼 수 …,responses_luna/0915-1246_q02_luna_run1.md,
0915-1246,3,2026-09-15,12:47:13,q03,luna,1,정상,completed,126,1829,3030,Y,21.17,86.4,"FortiGate에서 로컬 로그와 원격 로그가 동시에 생성되지 않는다면 , 단순한 로그 서버 장애보다는 Fo…",responses_luna/0915-1246_q03_luna_run1.md,
0915-1246,4,2026-09-15,12:47:34,q04,luna,1,정상,completed,139,2314,2938,,27.97,82.7,FortiGate의 IPv4/IPv6 방화벽 정책은 일반적으로 위에서부터 조건이 일치하는 첫 번째 정책 이 …,responses_luna/0915-1246_q04_luna_run1.md,
0915-1246,5,2026-09-15,12:48:02,q05,luna,1,정상,completed,136,1697,3122,Y,19.63,86.5,STP가 show spanning tree summary 에서 정상으로 보여도 루프가 없다는 의미는 아닙니다…,responses_luna/0915-1246_q05_luna_run1.md,
0915-1246,6,2026-09-15,12:48:22,q06,luna,1,정상,completed,145,1638,2839,,19.46,84.2,한 대만 시간이 틀린다면 NTP 서버를 먼저 변경하는 것은 적절하지 않습니다. NTP 서버가 정상이고 다른 …,responses_luna/0915-1246_q06_luna_run1.md,
0915-1246,7,2026-09-15,12:48:41,q07,luna,1,정상,completed,156,1529,2814,,18.37,83.2,"우선 Cisco 스위치부터 확인 해야 합니다. Juniper의 HA 전환이 정상이라면, 현재 증상은 Juni…",responses_luna/0915-1246_q07_luna_run1.md,
0915-1246,8,2026-09-15,12:49:00,q08,luna,1,정상,completed,131,1484,2643,,15.57,95.3,터널 구간의 실제 통신이 된다면 IKE/IPsec SA가 일부 또는 정상적으로 형성된 상태일 가능성이 높습니…,responses_luna/0915-1246_q08_luna_run1.md,
0915-1246,9,2026-09-15,12:49:15,q09,luna,1,정상,completed,145,1536,2680,,19.5,78.8,"다음 순서로 확인하는 것이 좋습니다. 명령어는 IOS/IOS XE, NX OS 및 스위치 모델에 따라 일부 …",responses_luna/0915-1246_q09_luna_run1.md,
0915-1246,10,2026-09-15,12:49:35,q10,luna,1,정상,completed,216,2031,3038,Y,26.49,76.7,우선 LLDP가 보이고 링크가 Up이라는 사실만으로 VLAN/STP가 정상이라고 판단하면 안 됩니다. LLD…,responses_luna/0915-1246_q10_luna_run1.md,
0915-1423,1,2026-09-15,14:23:21,q01,luna,1,정상,completed,134,1844,3010,Y,21.99,83.9,"FortiGate 간 IPsec이 연결된 뒤 약 3초 주기로 반복해서 내려간다면, 먼저 실제 원인이 Phas…",responses_luna/0915-1423_q01_luna_run1.md,
0915-1423,2,2026-09-15,14:23:43,q01,luna,2,정상,completed,134,1859,3196,Y,19.25,96.6,"FortiGate 간 터널이 “연결됨”으로 보이지만 3초 주기로 down/up 로그가 반복되면, 먼저 Pha…",responses_luna/0915-1423_q01_luna_run2.md,
0915-1423,3,2026-09-15,14:24:02,q01,luna,3,정상,completed,134,1873,2703,,19.88,94.2,FortiGate 간 IPsec에서 Phase 1은 성립하지만 Phase 2가 3초 주기로 생성·삭제 된다면…,responses_luna/0915-1423_q01_luna_run3.md,
0915-1423,4,2026-09-15,14:24:22,q02,luna,1,정상,completed,167,1826,2264,,20.09,90.9,"현재 정보만으로 특정 설정 하나를 원인이라고 단정할 수는 없습니다. 다만 방화벽에서 웹서버로 SSH가 되고,…",responses_luna/0915-1423_q02_luna_run1.md,
0915-1423,5,2026-09-15,14:24:42,q02,luna,2,정상,completed,167,1783,2386,,19.11,93.3,가장 먼저 구분해야 할 점은 방화벽에서 웹서버로 SSH가 된다는 사실이 VIP 웹 서비스가 정상이라는 의미는…,responses_luna/0915-1423_q02_luna_run2.md,
0915-1423,6,2026-09-15,14:25:01,q02,luna,3,정상,completed,167,1812,2445,,19.54,92.7,"제시된 정보만으로 특정 원인을 단정할 수는 없습니다. 다만 방화벽에서 서버로 SSH가 되고, 서버의 외부 통…",responses_luna/0915-1423_q02_luna_run3.md,
0915-1423,7,2026-09-15,14:25:21,q03,luna,1,정상,completed,126,1907,3024,Y,20.55,92.8,FortiGate 자체에 로그가 생성되지 않으면 로그 서버로도 전송되지 않습니다. 따라서 로그 서버보다 먼저…,responses_luna/0915-1423_q03_luna_run1.md,
0915-1423,8,2026-09-15,14:25:41,q03,luna,2,정상,completed,126,1803,2509,,21.27,84.8,"가능성이 가장 큰 원인은 FortiGate 내부의 로그 생성·저장 프로세스(miglogd 계열) 이상, 로컬…",responses_luna/0915-1423_q03_luna_run2.md,
0915-1423,9,2026-09-15,14:26:03,q03,luna,3,정상,completed,126,2025,2773,,22.36,90.6,"FortiGate의 로컬 로그와 로그 서버 전송이 동시에 중단 되었다면, 로그 서버나 정책보다 먼저 Fort…",responses_luna/0915-1423_q03_luna_run3.md,
0915-1423,10,2026-09-15,14:26:25,q04,luna,1,정상,completed,139,1787,2788,,21.85,81.8,"FortiGate의 IPv4 정책은 기본적으로 위에서부터 평가하므로, 상위 정책이 실제로 매칭되지 않았거나 …",responses_luna/0915-1423_q04_luna_run1.md,
0915-1423,11,2026-09-15,14:26:47,q04,luna,2,정상,completed,139,1912,3194,Y,21.41,89.3,"FortiGate는 일반적으로 정책을 위에서부터 평가하며, 조건이 모두 일치한 첫 번째 정책 을 사용합니다.…",responses_luna/0915-1423_q04_luna_run2.md,
0915-1423,12,2026-09-15,14:27:08,q04,luna,3,정상,completed,139,1960,3065,Y,21.66,90.5,"FortiGate 정책은 위에서부터 평가하므로, 첫 번째 정책이 동작하지 않고 다음 정책이 적용된다면 대부분…",responses_luna/0915-1423_q04_luna_run3.md,
0915-1423,13,2026-09-15,14:27:30,q05,luna,1,정상,completed,136,1721,3090,Y,17.83,96.5,"STP summary 가 정상이어도 루프가 없다는 뜻은 아닙니다. 요약 정보는 VLAN별 포트 상태, MAC…",responses_luna/0915-1423_q05_luna_run1.md,
0915-1423,14,2026-09-15,14:27:48,q05,luna,2,정상,completed,136,1973,3285,Y,19.16,103.0,STP 루프와 HA 절체 실패는 별개의 문제일 수 있습니다. STP 루프가 발생해도 HA의 keepalive…,responses_luna/0915-1423_q05_luna_run2.md,
0915-1423,15,2026-09-15,14:28:07,q05,luna,3,정상,completed,136,1800,3523,Y,17.76,101.3,Cisco HA 스위치에서 STP 루프가 발생했는데도 HA 절체가 되지 않는 것은 이상하지 않을 수 있습니다…,responses_luna/0915-1423_q05_luna_run3.md,
0915-1423,16,2026-09-15,14:28:25,q06,luna,1,정상,completed,145,1679,2842,,16.77,100.1,유독 한 대만 시간이 틀리면 NTP 서버보다 해당 스위치의 상태·설정·경로를 먼저 확인 하는 것이 맞습니다.…,responses_luna/0915-1423_q06_luna_run1.md,
0915-1423,17,2026-09-15,14:28:41,q06,luna,2,정상,completed,145,1519,2708,,15.12,100.4,한 대에서만 시간이 틀린다면 NTP 서버를 먼저 변경하기보다 해당 스위치의 상태·경로·설정·플랫폼을 순서대로…,responses_luna/0915-1423_q06_luna_run2.md,
0915-1423,18,2026-09-15,14:28:57,q06,luna,3,정상,completed,145,1592,2751,,15.39,103.5,"NTP 서버가 정상이고 특정 스위치 한 대만 시간이 틀리다면, 먼저 서버 변경보다 해당 스위치의 상태·설정·…",responses_luna/0915-1423_q06_luna_run3.md,
0915-1423,19,2026-09-15,14:29:12,q07,luna,1,정상,completed,156,1494,2646,,16.2,92.2,우선 Cisco 측 HA 상태와 전환 조건부터 확인 해야 합니다. Juniper가 정상적으로 HA 전환된다는…,responses_luna/0915-1423_q07_luna_run1.md,
0915-1423,20,2026-09-15,14:29:28,q07,luna,2,정상,completed,156,1412,2134,,15.68,90.1,"우선 Cisco 쪽을 먼저 확인 해야 합니다. Juniper가 정상적으로 HA 절체하더라도, Cisco의 H…",responses_luna/0915-1423_q07_luna_run2.md,
0915-1423,21,2026-09-15,14:29:44,q07,luna,3,정상,completed,156,1648,2639,,16.86,97.7,우선 Cisco 스위치 자체의 HA 상태와 HA 통신 경로를 먼저 확인 해야 합니다. Active 스위치가 …,responses_luna/0915-1423_q07_luna_run3.md,
0915-1423,22,2026-09-15,14:30:01,q08,luna,1,정상,completed,131,1610,2632,,16.44,97.9,"터널 구간의 실제 통신이 된다면, 암호화 자체가 완전히 실패한 상태라기보다 상태 표시 기준과 실제 SA 상태…",responses_luna/0915-1423_q08_luna_run1.md,
0915-1423,23,2026-09-15,14:30:17,q08,luna,2,정상,completed,131,1508,2082,,16.14,93.5,"터널 구간의 실제 통신이 된다면, 먼저 “표시되는 disable이 관리 상태인지, IKE/IPsec SA 상…",responses_luna/0915-1423_q08_luna_run2.md,
0915-1423,24,2026-09-15,14:30:33,q08,luna,3,정상,completed,131,1569,2386,,15.73,99.8,터널 구간의 실제 통신이 된다고 해서 IKE/IPsec 상태 표시가 정상이라는 뜻은 아닙니다. 기존 SA가 …,responses_luna/0915-1423_q08_luna_run3.md,
0915-1423,25,2026-09-15,14:30:49,q09,luna,1,정상,completed,145,1753,3155,Y,19.05,92.0,"다음 순서로 확인하는 것이 좋습니다. IOS/IOS XE, NX OS, 스위치 모델에 따라 일부 명령어가 다…",responses_luna/0915-1423_q09_luna_run1.md,
0915-1423,26,2026-09-15,14:31:08,q09,luna,2,정상,completed,145,1606,2674,,17.68,90.8,1. 먼저 확인할 순서 ① 포트와 모듈이 물리적으로 인식되는지 확인 모듈을 장착한 포트가 실제로 어느 인터페…,responses_luna/0915-1423_q09_luna_run2.md,
0915-1423,27,2026-09-15,14:31:26,q09,luna,3,정상,completed,145,1625,2795,,17.09,95.1,"아래 순서로 확인하는 것이 좋습니다. 명령어는 IOS/IOS XE, Catalyst/Nexus 모델과 버전에…",responses_luna/0915-1423_q09_luna_run3.md,
0915-1423,28,2026-09-15,14:31:43,q10,luna,1,정상,completed,216,1828,2945,,22.03,83.0,현재 증상은 물리 링크 문제보다 L2 루프 또는 STP/VLAN 불일치 가능성이 큽니다. LLDP 인식과 링…,responses_luna/0915-1423_q10_luna_run1.md,
0915-1423,29,2026-09-15,14:32:05,q10,luna,2,정상,completed,216,1660,2754,,17.33,95.8,현재 증상은 물리 링크 문제가 아니라 VLAN 전달 조건 또는 STP(루프 방지) 상호운용 문제 일 가능성이…,responses_luna/0915-1423_q10_luna_run2.md,
0915-1423,30,2026-09-15,14:32:22,q10,luna,3,정상,completed,216,1773,3346,Y,19.57,90.6,"현재 증상은 물리 링크 문제보다 VLAN 허용 범위, 태그 처리, STP 상호운용, 병렬 연결에 따른 루프 …",responses_luna/0915-1423_q10_luna_run3.md,
