세션,순번,날짜,시각,문제,모델,모델태그,digest,양자화,컨텍스트설정,회차,상태,종료사유,입력토큰,출력토큰,응답글자수,제약초과,응답초,로딩초,프롬프트평가초,생성초,초당토큰,VRAM_MiB,적재상태,미측정사유,미리보기,원문경로,오류,조건,재적재
0916-1427,1,2026-09-16,14:27:07,q01,llama3.1:8b,llama3.1:8b,46e0c10c039e0191193,Q4_K_M,8192,1,정상,정상종료,140,720,1406,,10.77,0.006,0.068,10.694,67.3,5543,GPU,,FortiGate 간 IPsec VPN이 연결되고 라우팅도 정상인 상황에서 Phase 1과 Phase 2 사…,responses/0916-1427_F_q01_llama3.1_8b_run1.md,,F,none
0916-1427,2,2026-09-16,14:27:17,q02,llama3.1:8b,llama3.1:8b,46e0c10c039e0191193,Q4_K_M,8192,1,정상,정상종료,174,485,995,,7.4,0.004,0.049,7.308,66.4,5543,GPU,,"FortiGate의 Virtual IP(VIP)로 제공하던 웹 서비스가 갑자기 중단된 경우, 확인해야 하는 …",responses/0916-1427_F_q02_llama3.1_8b_run1.md,,F,none
0916-1427,3,2026-09-16,14:27:25,q03,llama3.1:8b,llama3.1:8b,46e0c10c039e0191193,Q4_K_M,8192,1,정상,정상종료,137,709,1439,,10.76,0.003,0.036,10.693,66.3,5543,GPU,,"FortiGate에서 로그가 쌓이지 않고 로그 서버로도 전송되지 않는다면, 여러 가지 원인들이 있을 수 있습…",responses/0916-1427_F_q03_llama3.1_8b_run1.md,,F,none
0916-1427,4,2026-09-16,14:27:36,q04,llama3.1:8b,llama3.1:8b,46e0c10c039e0191193,Q4_K_M,8192,1,정상,정상종료,146,464,917,,7.06,0.005,0.04,6.979,66.5,5543,GPU,,"Top down 방식으로 운영하는 FortiGate 정책이 적용되지 않는다면, 몇 가지 문제를 의심해 볼 수…",responses/0916-1427_F_q04_llama3.1_8b_run1.md,,F,none
0916-1427,5,2026-09-16,14:27:43,q05,llama3.1:8b,llama3.1:8b,46e0c10c039e0191193,Q4_K_M,8192,1,정상,정상종료,144,748,1293,,11.37,0.005,0.042,11.289,66.3,5543,GPU,,"HA로 구성된 Cisco 스위치에서 STP 루프가 발생한 경우, HA가 정상적으로 넘어가지 않는 문제가 발생…",responses/0916-1427_F_q05_llama3.1_8b_run1.md,,F,none
0916-1427,6,2026-09-16,14:27:54,q06,llama3.1:8b,llama3.1:8b,46e0c10c039e0191193,Q4_K_M,8192,1,정상,토큰한도,153,8192,16043,Y,136.48,0.004,0.045,136.392,60.1,5543,GPU,,"네트워크 장비에서 시간을 관리하는 NTP(Network Time Protocol) 설정이 잘못된 경우, 시간…",responses/0916-1427_F_q06_llama3.1_8b_run1.md,,F,none
0916-1427,7,2026-09-16,14:30:11,q07,llama3.1:8b,llama3.1:8b,46e0c10c039e0191193,Q4_K_M,8192,1,정상,토큰한도,164,8192,15179,Y,137.27,0.005,0.072,137.025,59.8,5543,GPU,,"HA(하이어비터) 구성된 Cisco 스위치와 Juniper 스위치가 서로 연결된 경우, HA가 정상적으로 작…",responses/0916-1427_F_q07_llama3.1_8b_run1.md,,F,none
0916-1427,8,2026-09-16,14:32:28,q08,llama3.1:8b,llama3.1:8b,46e0c10c039e0191193,Q4_K_M,8192,1,정상,정상종료,135,928,2182,,14.32,0.004,0.071,14.073,65.9,5543,GPU,,NetScreen 방화벽과 FortiGate 간 IPsec VPN 연결 문제를 해결하기 위한 확인 순서는 다…,responses/0916-1427_F_q08_llama3.1_8b_run1.md,,F,none
0916-1427,9,2026-09-16,14:32:42,q09,llama3.1:8b,llama3.1:8b,46e0c10c039e0191193,Q4_K_M,8192,1,정상,정상종료,152,501,978,,7.63,0.004,0.046,7.535,66.5,5543,GPU,,"Cisco 스위치에 광 SFP 모듈을 연결했으나 인식되지 않는다면, 먼저 스위치의 상태를 확인하는 명령어를 …",responses/0916-1427_F_q09_llama3.1_8b_run1.md,,F,none
0916-1427,10,2026-09-16,14:32:50,q10,llama3.1:8b,llama3.1:8b,46e0c10c039e0191193,Q4_K_M,8192,1,정상,정상종료,226,752,1455,,11.5,0.004,0.072,11.394,66.0,5543,GPU,,네트워크 장비를 이전하는 작업은 주의 깊게 진행해야 하는 작업입니다. 기존 Cisco 스위치에서 Junipe…,responses/0916-1427_F_q10_llama3.1_8b_run1.md,,F,none
0916-1427,11,2026-09-16,14:33:07,q01,qwen3:8b,qwen3:8b,500a1f067a9f782620b,Q4_K_M,8192,1,정상,정상종료,156,1859,2385,,30.21,0.005,0.104,30.092,61.8,5900,GPU,,IPsec VPN이 Phase 1과 Phase 2 사이에서 3초 간격으로 down 로그가 발생하는 문제는 주…,responses/0916-1427_F_q01_qwen3_8b_run1.md,,F,none
0916-1427,12,2026-09-16,14:33:37,q02,qwen3:8b,qwen3:8b,500a1f067a9f782620b,Q4_K_M,8192,1,정상,정상종료,198,2536,1679,,41.89,0.004,0.065,41.733,60.8,5900,GPU,,FortiGate의 Virtual IP(VIP)로 제공하는 웹 서비스가 중단된 문제를 해결하기 위해 다음과 …,responses/0916-1427_F_q02_qwen3_8b_run1.md,,F,none
0916-1427,13,2026-09-16,14:34:19,q03,qwen3:8b,qwen3:8b,500a1f067a9f782620b,Q4_K_M,8192,1,정상,정상종료,154,1922,1929,,31.68,0.005,0.042,31.513,61.0,5900,GPU,,FortiGate에서 로그가 쌓이지 않고 서버로 전송되지 않는 문제를 해결하기 위해 다음과 같은 점검 순서를…,responses/0916-1427_F_q03_qwen3_8b_run1.md,,F,none
0916-1427,14,2026-09-16,14:34:51,q04,qwen3:8b,qwen3:8b,500a1f067a9f782620b,Q4_K_M,8192,1,정상,정상종료,164,1689,2041,,27.59,0.004,0.047,27.444,61.5,5900,GPU,,FortiGate 정책이 top down 방식으로 동작하지 않는 문제는 여러 요인으로 인해 발생할 수 있습니…,responses/0916-1427_F_q04_qwen3_8b_run1.md,,F,none
0916-1427,15,2026-09-16,14:35:18,q05,qwen3:8b,qwen3:8b,500a1f067a9f782620b,Q4_K_M,8192,1,정상,정상종료,160,1994,2263,,32.78,0.003,0.049,32.626,61.1,5900,GPU,,"HA로 구성된 Cisco 스위치에서 STP 루프가 발생하고 HA가 정상적으로 전환되지 않는 경우, 다음과 같…",responses/0916-1427_F_q05_qwen3_8b_run1.md,,F,none
0916-1427,16,2026-09-16,14:35:51,q06,qwen3:8b,qwen3:8b,500a1f067a9f782620b,Q4_K_M,8192,1,정상,정상종료,166,1509,1756,,24.69,0.005,0.049,24.516,61.6,5900,GPU,,"Cisco 스위치에서 NTP 시간 동기화가 정상이었으나 유지보수 시 특정 스위치만 시간이 어긋난 경우, 다음…",responses/0916-1427_F_q06_qwen3_8b_run1.md,,F,none
0916-1427,17,2026-09-16,14:36:16,q07,qwen3:8b,qwen3:8b,500a1f067a9f782620b,Q4_K_M,8192,1,정상,정상종료,181,1908,2110,,31.32,0.002,0.053,31.168,61.2,5900,GPU,,HA 구성된 Cisco와 Juniper 스위치 간의 연결 문제를 해결하기 위해 먼저 Cisco 스위치의 HA…,responses/0916-1427_F_q07_qwen3_8b_run1.md,,F,none
0916-1427,18,2026-09-16,14:36:47,q08,qwen3:8b,qwen3:8b,500a1f067a9f782620b,Q4_K_M,8192,1,정상,정상종료,153,1997,2284,,32.86,0.004,0.044,32.694,61.1,5900,GPU,,"IPsec VPN 연결 상태가 disable 이지만 터널 통신이 되는 경우, 다음과 같은 점검 순서와 확인 …",responses/0916-1427_F_q08_qwen3_8b_run1.md,,F,none
0916-1427,19,2026-09-16,14:37:20,q09,qwen3:8b,qwen3:8b,500a1f067a9f782620b,Q4_K_M,8192,1,정상,정상종료,164,1059,1047,,17.28,0.005,0.047,17.119,61.9,5900,GPU,,"Cisco 스위치에서 광 SFP 모듈이 인식되지 않는 경우, 다음 명령어를 통해 상태를 확인할 수 있습니다.…",responses/0916-1427_F_q09_qwen3_8b_run1.md,,F,none
0916-1427,20,2026-09-16,14:37:37,q10,qwen3:8b,qwen3:8b,500a1f067a9f782620b,Q4_K_M,8192,1,정상,정상종료,250,2331,2957,,38.68,0.004,0.083,38.525,60.5,5900,GPU,,"기존 Cisco 스위치에서 Juniper 스위치로 장비 이전 중 발생한 문제는 트렁크 설정, STP 구성, …",responses/0916-1427_F_q10_qwen3_8b_run1.md,,F,none
0916-1427,21,2026-09-16,14:38:21,q01,gemma3:4b,gemma3:4b,a2af6cc3eb7fa8be850,Q4_K_M,8192,1,정상,정상종료,128,1721,3702,Y,17.53,0.005,0.078,17.445,98.7,2889,GPU,,FortiGate IPsec VPN Phase 1/2 Down 문제 진단 및 해결 방안 네트워크 엔지니어로서…,responses/0916-1427_F_q01_gemma3_4b_run1.md,,F,none
0916-1427,22,2026-09-16,14:38:39,q02,gemma3:4b,gemma3:4b,a2af6cc3eb7fa8be850,Q4_K_M,8192,1,정상,정상종료,160,1430,3055,Y,14.91,0.003,0.06,14.788,96.7,2889,GPU,,FortiGate Virtual IP (VIP) 웹 서비스 중단 문제 해결을 위한 점검 및 순서 웹 서비스 …,responses/0916-1427_F_q02_gemma3_4b_run1.md,,F,none
0916-1427,23,2026-09-16,14:38:54,q03,gemma3:4b,gemma3:4b,a2af6cc3eb7fa8be850,Q4_K_M,8192,1,정상,정상종료,122,1565,3495,Y,16.29,0.006,0.051,16.172,96.8,2889,GPU,,네트워크 엔지니어로서 FortiGate에서 로그가 쌓이지 않고 로그 서버로 전송되지 않는 문제에 대한 점검 …,responses/0916-1427_F_q03_gemma3_4b_run1.md,,F,none
0916-1427,24,2026-09-16,14:39:10,q04,gemma3:4b,gemma3:4b,a2af6cc3eb7fa8be850,Q4_K_M,8192,1,정상,정상종료,131,1400,3069,Y,14.44,0.005,0.051,14.33,97.7,2889,GPU,,네트워크 엔지니어로서 FortiGate 정책 적용 문제에 대한 진단 및 해결 방안을 Top Down 방식으로…,responses/0916-1427_F_q04_gemma3_4b_run1.md,,F,none
0916-1427,25,2026-09-16,14:39:24,q05,gemma3:4b,gemma3:4b,a2af6cc3eb7fa8be850,Q4_K_M,8192,1,정상,정상종료,132,1515,3487,Y,15.45,0.005,0.052,15.334,98.8,2889,GPU,,네트워크 엔지니어로서 HA(High Availability) 구성된 Cisco 스위치에서 STP(Spanni…,responses/0916-1427_F_q05_gemma3_4b_run1.md,,F,none
0916-1427,26,2026-09-16,14:39:40,q06,gemma3:4b,gemma3:4b,a2af6cc3eb7fa8be850,Q4_K_M,8192,1,정상,정상종료,132,1322,2824,,13.44,0.005,0.051,13.33,99.2,2889,GPU,,"네트워크 엔지니어로서, Cisco 스위치에서 NTP 설정 후 시간 동기화 문제 발생 시, 다음과 같은 사항들…",responses/0916-1427_F_q06_gemma3_4b_run1.md,,F,none
0916-1427,27,2026-09-16,14:39:53,q07,gemma3:4b,gemma3:4b,a2af6cc3eb7fa8be850,Q4_K_M,8192,1,정상,정상종료,146,1519,3374,Y,15.62,0.005,0.057,15.506,98.0,2889,GPU,,"HA 구성 Cisco 스위치 문제 해결: 점검 및 우선순위 제공된 정보에 따르면, Cisco 스위치와 Jun…",responses/0916-1427_F_q07_gemma3_4b_run1.md,,F,none
0916-1427,28,2026-09-16,14:40:09,q08,gemma3:4b,gemma3:4b,a2af6cc3eb7fa8be850,Q4_K_M,8192,1,정상,정상종료,126,1519,3273,Y,15.58,0.003,0.051,15.461,98.2,2889,GPU,,NetScreen 방화벽 및 FortiGate 간 IPsec VPN 연결 문제 진단 및 해결 방안 NetSc…,responses/0916-1427_F_q08_gemma3_4b_run1.md,,F,none
0916-1427,29,2026-09-16,14:40:25,q09,gemma3:4b,gemma3:4b,a2af6cc3eb7fa8be850,Q4_K_M,8192,1,정상,정상종료,138,1314,2864,,13.41,0.004,0.059,13.299,98.8,2889,GPU,,Cisco 스위치 광 SFP 모듈 인식 문제 해결 및 A/S 문의 가이드 (네트워크 엔지니어) Cisco 스…,responses/0916-1427_F_q09_gemma3_4b_run1.md,,F,none
0916-1427,30,2026-09-16,14:40:38,q10,gemma3:4b,gemma3:4b,a2af6cc3eb7fa8be850,Q4_K_M,8192,1,정상,정상종료,204,1398,3050,Y,14.34,0.005,0.07,14.217,98.3,2889,GPU,,Cisco 스위치에서 Juniper 스위치로 장비 이전 시 문제 해결 및 작업 순서 현재 상황은 Cisco …,responses/0916-1427_F_q10_gemma3_4b_run1.md,,F,none
0916-1449,1,2026-09-16,14:49:47,q06,llama3.1:8b,llama3.1:8b,46e0c10c039e0191193,Q4_K_M,8192,1,정상,정상종료,153,368,693,,33.44,0.005,0.025,7.013,52.5,5543,GPU,,Cisco 스위치에서 NTP 설정이 제대로 되고 있지 않다는 것은 문제가 있는 부분입니다. 이 문제를 해결하…,responses/0916-1449_q06_llama3.1_8b_run1.md,,,none
0916-1449,2,2026-09-16,14:50:20,q07,llama3.1:8b,llama3.1:8b,46e0c10c039e0191193,Q4_K_M,8192,1,정상,정상종료,164,535,1164,,39.39,0.005,0.055,10.194,52.5,5543,GPU,,해결하기 위한 확인 순서는 다음과 같습니다. 1. Cisco 스위치 확인 Cisco HA 설정 확인 : Ci…,responses/0916-1449_q07_llama3.1_8b_run1.md,,,none
0916-1447,1,2026-09-16,14:48:04,q01,llama3.1:8b,llama3.1:8b,46e0c10c039e0191193,Q4_K_M,8192,1,정상,정상종료,140,729,1445,,14.04,0.006,0.086,13.938,52.3,5543,GPU,,"IPsec VPN이 연결되고 라우팅도 정상인데, Phase 1과 Phase 2 사이에서 down 로그가 남고…",responses/0916-1447_F_q01_llama3.1_8b_run1.md,,F,none
0916-1447,2,2026-09-16,14:48:18,q02,llama3.1:8b,llama3.1:8b,46e0c10c039e0191193,Q4_K_M,8192,1,정상,정상종료,174,616,1231,,11.83,0.007,0.058,11.701,52.6,5543,GPU,,네트워크 장비인 FortiGate의 Virtual IP(VIP)로 제공하던 웹 서비스가 갑자기 중단된 문제가…,responses/0916-1447_F_q02_llama3.1_8b_run1.md,,F,none
0916-1447,3,2026-09-16,14:48:29,q03,llama3.1:8b,llama3.1:8b,46e0c10c039e0191193,Q4_K_M,8192,1,정상,정상종료,137,616,1132,,11.8,0.007,0.042,11.694,52.7,5543,GPU,,로그가 쌓이지 않고 로그 서버로도 전송되지 않는 문제는 FortiGate 장비 설정 또는 네트워크 장비 구성…,responses/0916-1447_F_q03_llama3.1_8b_run1.md,,F,none
0916-1447,4,2026-09-16,14:48:41,q04,llama3.1:8b,llama3.1:8b,46e0c10c039e0191193,Q4_K_M,8192,1,정상,정상종료,146,455,937,,8.69,0.006,0.048,8.593,52.9,5543,GPU,,"Top down 방식으로 운영하는 FortiGate 정책에 관한 문제라면, 정책 적용 순서와 그에 따른 규칙…",responses/0916-1447_F_q04_llama3.1_8b_run1.md,,F,none
0916-1447,5,2026-09-16,14:48:50,q05,llama3.1:8b,llama3.1:8b,46e0c10c039e0191193,Q4_K_M,8192,1,정상,정상종료,144,449,814,,8.63,0.005,0.049,8.526,52.7,5543,GPU,,"HA로 구성된 Cisco 스위치에서 STP 루프가 발생했고, HA가 정상적으로 넘어가지 않는다면 먼저 확인해…",responses/0916-1447_F_q05_llama3.1_8b_run1.md,,F,none
0916-1447,6,2026-09-16,14:48:59,q06,llama3.1:8b,llama3.1:8b,46e0c10c039e0191193,Q4_K_M,8192,1,정상,정상종료,153,405,860,,7.79,0.005,0.054,7.685,52.7,5543,GPU,,Cisco 스위치에서 NTP 설정이 제대로 되고 있지 않다는 것은 문제가 있는 부분입니다. 이 문제를 해결하…,responses/0916-1447_F_q06_llama3.1_8b_run1.md,,F,none
0916-1447,7,2026-09-16,14:49:06,q07,llama3.1:8b,llama3.1:8b,46e0c10c039e0191193,Q4_K_M,8192,1,정상,정상종료,164,1247,2780,,24.15,0.006,0.097,23.988,52.0,5543,GPU,,해결책은 Cisco 스위치와 Juniper 스위치를 연결하고 HA가 정상적으로 동작하는지 확인할 때 우선적으…,responses/0916-1447_F_q07_llama3.1_8b_run1.md,,F,none
0916-1447,8,2026-09-16,14:49:31,q08,llama3.1:8b,llama3.1:8b,46e0c10c039e0191193,Q4_K_M,8192,1,정상,정상종료,135,491,1089,,25.83,0.005,0.084,9.329,52.6,5543,GPU,,IPsec VPN 연결 상태가 disable로 표시된 경우에는 다음을 확인하여 문제를 해결해 보세요. 1. …,responses/0916-1447_F_q08_llama3.1_8b_run1.md,,F,none
0916-1447,9,2026-09-16,14:49:56,q09,llama3.1:8b,llama3.1:8b,46e0c10c039e0191193,Q4_K_M,8192,1,정상,정상종료,152,532,1013,,34.26,0.006,0.049,10.152,52.4,5543,GPU,,"네트워크 스위치에서 광 SFP 모듈을 사용하여 문제가 발생한 경우, 네트워크 스위치의 상태를 확인하고 오류를…",responses/0916-1447_F_q09_llama3.1_8b_run1.md,,F,none
0916-1447,10,2026-09-16,14:50:31,q10,llama3.1:8b,llama3.1:8b,46e0c10c039e0191193,Q4_K_M,8192,1,정상,정상종료,226,477,949,,38.39,0.006,0.087,9.109,52.4,5543,GPU,,장비 이전에 있어 발생하는 문제를 확인하고 해결하려면 일단 네트워크 구성과 장비 설정을 명확하게 파악하는 것…,responses/0916-1447_F_q10_llama3.1_8b_run1.md,,F,none
0916-1447,11,2026-09-16,14:51:25,q01,qwen3:8b,qwen3:8b,500a1f067a9f782620b,Q4_K_M,8192,1,정상,정상종료,156,2345,2985,,72.52,25.826,0.255,46.431,50.5,,미적재,,IPsec VPN이 Phase 1과 Phase 2 사이에서 3초마다 down 로그가 발생하는 문제는 주로 P…,responses/0916-1447_F_q01_qwen3_8b_run1.md,,F,none
0916-1447,12,2026-09-16,14:52:38,q02,qwen3:8b,qwen3:8b,500a1f067a9f782620b,Q4_K_M,8192,1,정상,정상종료,198,2492,1952,,57.01,15.927,0.169,40.911,60.9,,미적재,,"FortiGate의 Virtual IP(VIP)로 제공하는 웹 서비스가 중단된 경우, 확인할 항목과 점검 순…",responses/0916-1447_F_q02_qwen3_8b_run1.md,,F,none
0916-1447,13,2026-09-16,14:53:35,q03,qwen3:8b,qwen3:8b,500a1f067a9f782620b,Q4_K_M,8192,1,정상,정상종료,154,1645,2184,,46.95,20.221,0.148,26.575,61.9,,미적재,,FortiGate에서 로그 전송이 실패하는 원인을 점검할 때는 다음과 같은 순서로 확인해야 합니다. 1. 로…,responses/0916-1447_F_q03_qwen3_8b_run1.md,,F,none
0916-1447,14,2026-09-16,14:54:22,q04,qwen3:8b,qwen3:8b,500a1f067a9f782620b,Q4_K_M,8192,1,정상,정상종료,164,1750,1746,,50.09,21.597,0.153,28.337,61.8,,미적재,,FortiGate의 정책이 top down 방식으로 적용되지 않는 문제는 여러 요인으로 인해 발생할 수 있습…,responses/0916-1447_F_q04_qwen3_8b_run1.md,,F,none
0916-1447,15,2026-09-16,14:55:12,q05,qwen3:8b,qwen3:8b,500a1f067a9f782620b,Q4_K_M,8192,1,정상,정상종료,160,1990,2413,,49.11,16.54,0.144,32.416,61.4,,미적재,,HA(High Availability) 구성된 Cisco 스위치에서 STP 루프가 발생하고 HA가 정상적으로…,responses/0916-1447_F_q05_qwen3_8b_run1.md,,F,none
0916-1447,16,2026-09-16,14:56:01,q06,qwen3:8b,qwen3:8b,500a1f067a9f782620b,Q4_K_M,8192,1,정상,정상종료,166,1587,1962,,47.33,21.471,0.115,25.656,61.9,5900,GPU,,"Cisco 스위치에서 NTP 시간 동기화가 실패한 경우, 아래 단계를 순서대로 점검해야 합니다. NTP 서버…",responses/0916-1447_F_q06_qwen3_8b_run1.md,,F,none
0916-1447,17,2026-09-16,14:56:48,q07,qwen3:8b,qwen3:8b,500a1f067a9f782620b,Q4_K_M,8192,1,정상,정상종료,181,1897,1948,,69.76,0.005,0.052,31.027,61.1,5900,GPU,,HA 구성 시 Cisco와 Juniper 스위치 간 상호 연동 문제를 해결하기 위해 다음과 같은 점검 순서를…,responses/0916-1447_F_q07_qwen3_8b_run1.md,,F,none
0916-1447,18,2026-09-16,14:57:58,q08,qwen3:8b,qwen3:8b,500a1f067a9f782620b,Q4_K_M,8192,1,정상,정상종료,153,1803,2131,,60.34,0.005,0.044,29.441,61.2,5900,GPU,,IPsec VPN 연결 상태가 disable 로 표시되지만 터널 통신이 되는 상황은 설정 오류 또는 상태 모…,responses/0916-1447_F_q08_qwen3_8b_run1.md,,F,none
0916-1447,19,2026-09-16,14:58:58,q09,qwen3:8b,qwen3:8b,500a1f067a9f782620b,Q4_K_M,8192,1,정상,정상종료,164,1415,1692,,40.86,0.004,0.05,22.94,61.7,5900,GPU,,"Cisco 스위치에서 광 SFP 모듈이 인식되지 않는 경우, 다음 점검 항목과 명령어를 통해 상태를 확인해야…",responses/0916-1447_F_q09_qwen3_8b_run1.md,,F,none
0916-1447,20,2026-09-16,14:59:39,q10,qwen3:8b,qwen3:8b,500a1f067a9f782620b,Q4_K_M,8192,1,정상,정상종료,250,1871,2103,,63.12,0.004,0.089,31.125,60.1,5900,GPU,,확인할 항목 및 점검 순서: 1. VLAN 구성 일치 여부 확인: Cisco와 Juniper 스위치 모두에서…,responses/0916-1447_F_q10_qwen3_8b_run1.md,,F,none
0916-1447,21,2026-09-16,15:01:14,q01,gemma3:4b,gemma3:4b,a2af6cc3eb7fa8be850,Q4_K_M,8192,1,정상,정상종료,128,1503,3304,Y,50.17,34.525,0.092,15.546,96.7,,미적재,,네트워크 엔지니어로서 FortiGate 간 IPsec VPN 연결 실패 및 Phase 1/2 사이에서의 주기…,responses/0916-1447_F_q01_gemma3_4b_run1.md,,F,none
0916-1447,22,2026-09-16,15:02:05,q02,gemma3:4b,gemma3:4b,a2af6cc3eb7fa8be850,Q4_K_M,8192,1,정상,정상종료,160,1638,3513,Y,57.84,41.012,0.101,16.722,98.0,,미적재,,"FortiGate Virtual IP 웹 서비스 중단 문제 해결 진단 웹 서비스 중단 현상에 대해, 현재 상…",responses/0916-1447_F_q02_gemma3_4b_run1.md,,F,none
0916-1447,23,2026-09-16,15:03:03,q03,gemma3:4b,gemma3:4b,a2af6cc3eb7fa8be850,Q4_K_M,8192,1,정상,정상종료,122,1594,3547,Y,48.97,32.407,0.095,16.461,96.8,,미적재,,FortiGate 로그 누수 및 전송 실패 문제 해결 가이드 (네트워크 엔지니어) FortiGate에서 로그…,responses/0916-1447_F_q03_gemma3_4b_run1.md,,F,none
0916-1447,24,2026-09-16,15:03:52,q04,gemma3:4b,gemma3:4b,a2af6cc3eb7fa8be850,Q4_K_M,8192,1,정상,정상종료,131,1532,3315,Y,47.28,31.261,0.092,15.921,96.2,,미적재,,네트워크 엔지니어로서 FortiGate 정책 적용 실패 문제를 진단하기 위해 Top Down 방식으로 접근하…,responses/0916-1447_F_q04_gemma3_4b_run1.md,,F,none
0916-1447,25,2026-09-16,15:04:39,q05,gemma3:4b,gemma3:4b,a2af6cc3eb7fa8be850,Q4_K_M,8192,1,정상,정상종료,132,1490,3396,Y,52.06,36.669,0.079,15.241,97.8,2889,GPU,,HA 구성 Cisco 스위치 STP 루프 발생 시 문제 해결 로드맵 Cisco 스위치 HA 구성에서 STP …,responses/0916-1447_F_q05_gemma3_4b_run1.md,,F,none
0916-1447,26,2026-09-16,15:05:31,q06,gemma3:4b,gemma3:4b,a2af6cc3eb7fa8be850,Q4_K_M,8192,1,정상,정상종료,132,1423,3162,Y,29.85,0.004,0.051,14.362,99.1,2889,GPU,,"네트워크 엔지니어로서, Cisco 스위치에서 NTP 설정 후 시간 오차가 발생하는 문제에 대한 질문 주셨습니…",responses/0916-1447_F_q06_gemma3_4b_run1.md,,F,none
0916-1447,27,2026-09-16,15:06:01,q07,gemma3:4b,gemma3:4b,a2af6cc3eb7fa8be850,Q4_K_M,8192,1,정상,정상종료,146,1402,3218,Y,31.34,0.004,0.06,14.374,97.5,2889,GPU,,"네트워크 엔지니어로서, HA(High Availability) 구성에서 Cisco 스위치가 Juniper 스…",responses/0916-1447_F_q07_gemma3_4b_run1.md,,F,none
0916-1447,28,2026-09-16,15:06:32,q08,gemma3:4b,gemma3:4b,a2af6cc3eb7fa8be850,Q4_K_M,8192,1,정상,정상종료,126,1465,3322,Y,31.41,0.005,0.053,14.918,98.2,2889,GPU,,네트워크 엔지니어로서 NetScreen 방화벽과 FortiGate 간 IPsec VPN 터널 구간 통신은 되…,responses/0916-1447_F_q08_gemma3_4b_run1.md,,F,none
0916-1447,29,2026-09-16,15:07:04,q09,gemma3:4b,gemma3:4b,a2af6cc3eb7fa8be850,Q4_K_M,8192,1,정상,정상종료,138,1477,3123,Y,30.96,0.005,0.061,15.093,97.9,2889,GPU,,Cisco 스위치 광 SFP 모듈 인식 문제 진단 및 A/S 문의 가이드 (네트워크 엔지니어) 안녕하세요. …,responses/0916-1447_F_q09_gemma3_4b_run1.md,,F,none
0916-1447,30,2026-09-16,15:07:35,q10,gemma3:4b,gemma3:4b,a2af6cc3eb7fa8be850,Q4_K_M,8192,1,정상,정상종료,204,1509,3207,Y,31.28,0.005,0.07,15.405,98.0,2889,GPU,,"네트워크 엔지니어로서, Cisco 스위치에서 Juniper 스위치로의 장비 이전 작업 중 발생하는 문제에 대…",responses/0916-1447_F_q10_gemma3_4b_run1.md,,F,none
0916-1448,1,2026-09-16,14:49:06,q01,llama3.1:8b,llama3.1:8b,46e0c10c039e0191193,Q4_K_M,8192,1,정상,정상종료,140,845,1862,,40.41,0.006,0.048,16.182,52.2,5543,GPU,,IPsec VPN의 Phase 1과 Phase 2 사이에서 발생하는 down 로그와 3초에 한 번씩 끊기는 …,responses/0916-1448_q01_llama3.1_8b_run1.md,,,none
0916-1448,2,2026-09-16,14:49:47,q02,llama3.1:8b,llama3.1:8b,46e0c10c039e0191193,Q4_K_M,8192,1,정상,정상종료,174,876,1668,,26.4,0.006,0.059,16.788,52.2,5543,GPU,,이러한 상황에서 확인해야 할 사항은 다음과 같습니다. 1. VIP 설정 및 정책 확인 VIP를 구성했는지 확…,responses/0916-1448_q02_llama3.1_8b_run1.md,,,none
0916-1448,3,2026-09-16,14:50:13,q03,llama3.1:8b,llama3.1:8b,46e0c10c039e0191193,Q4_K_M,8192,1,정상,정상종료,137,975,1904,,36.19,0.005,0.05,18.723,52.1,5543,GPU,,"로그가 쌓이지 않고 로그 서버로 전송되지 않는다는 것은 FortiGate에서 로그가 생성되고, 로그 서버와의…",responses/0916-1448_q03_llama3.1_8b_run1.md,,,none
0916-1448,4,2026-09-16,14:50:49,q04,llama3.1:8b,llama3.1:8b,46e0c10c039e0191193,Q4_K_M,8192,1,정상,정상종료,146,455,937,,28.3,0.007,0.048,8.631,52.7,,미적재,,"Top down 방식으로 운영하는 FortiGate 정책에 관한 문제라면, 정책 적용 순서와 그에 따른 규칙…",responses/0916-1448_q04_llama3.1_8b_run1.md,,,none
0916-1448,5,2026-09-16,14:51:18,q05,llama3.1:8b,llama3.1:8b,46e0c10c039e0191193,Q4_K_M,8192,1,정상,정상종료,144,494,990,,25.18,15.496,0.186,9.487,52.1,,미적재,,"HA로 구성된 Cisco 스위치에서 STP 루프가 발생했고, HA가 정상적으로 넘어가지 않는다면 먼저 확인해…",responses/0916-1448_q05_llama3.1_8b_run1.md,,,none
0916-1448,6,2026-09-16,14:51:43,q06,llama3.1:8b,llama3.1:8b,46e0c10c039e0191193,Q4_K_M,8192,1,정상,정상종료,153,543,1034,,66.68,58.525,0.112,8.043,67.5,,미적재,,Cisco 스위치에서 NTP 설정이 제대로 되고 있지 않다는 것은 문제가 있는 부분은 두 가지가 있습니다. …,responses/0916-1448_q06_llama3.1_8b_run1.md,,,none
0916-1448,7,2026-09-16,14:52:50,q07,llama3.1:8b,llama3.1:8b,46e0c10c039e0191193,Q4_K_M,8192,1,정상,정상종료,164,775,1554,,60.54,48.843,0.12,11.575,67.0,,미적재,,해결책은 Cisco 스위치와 Juniper 스위치를 연결하고 HA가 정상적으로 동작하는지 확인할 때 우선적으…,responses/0916-1448_q07_llama3.1_8b_run1.md,,,none
0916-1448,8,2026-09-16,14:53:51,q08,llama3.1:8b,llama3.1:8b,46e0c10c039e0191193,Q4_K_M,8192,1,정상,정상종료,135,857,1764,,48.17,35.224,0.111,12.832,66.8,,미적재,,IPsec VPN 연결 상태가 disable로 표시된 경우에는 해당 연결 상태가 활성화되도록 하기 위해 확인…,responses/0916-1448_q08_llama3.1_8b_run1.md,,,none
0916-1448,9,2026-09-16,14:54:39,q09,llama3.1:8b,llama3.1:8b,46e0c10c039e0191193,Q4_K_M,8192,1,정상,정상종료,152,530,1126,,44.94,36.963,0.114,7.861,67.4,,미적재,,"네트워크 스위치에서 광 SFP 모듈을 사용하여 문제가 발생한 경우, 네트워크 스위치의 상태를 확인하고 A/S…",responses/0916-1448_q09_llama3.1_8b_run1.md,,,none
0916-1448,10,2026-09-16,14:55:24,q10,llama3.1:8b,llama3.1:8b,46e0c10c039e0191193,Q4_K_M,8192,1,정상,정상종료,226,805,1412,,54.01,41.674,0.149,12.177,66.1,,미적재,,"이전 작업에서 발생하는 문제를 해결하기 위해, 몇 가지를 확인하고 점검해야 할 사항에 대해 알려드리겠습니다.…",responses/0916-1448_q10_llama3.1_8b_run1.md,,,none
0916-1448,11,2026-09-16,14:56:23,q01,qwen3:8b,qwen3:8b,500a1f067a9f782620b,Q4_K_M,8192,1,정상,정상종료,156,2335,2986,,64.35,0.002,0.052,38.448,60.7,5900,GPU,,FortiGate 간 IPsec VPN이 Phase 1과 Phase 2 사이에서 주기적으로 Down 로그가 …,responses/0916-1448_q01_qwen3_8b_run1.md,,,none
0916-1448,12,2026-09-16,14:57:27,q02,qwen3:8b,qwen3:8b,500a1f067a9f782620b,Q4_K_M,8192,1,정상,정상종료,198,1872,1563,,61.92,0.004,0.057,30.588,61.2,5900,GPU,,"FortiGate의 Virtual IP(VIP)로 제공하는 웹 서비스가 중단된 경우, 다음과 같은 점검 순서…",responses/0916-1448_q02_qwen3_8b_run1.md,,,none
0916-1448,13,2026-09-16,14:58:29,q03,qwen3:8b,qwen3:8b,500a1f067a9f782620b,Q4_K_M,8192,1,정상,없음,,,1131,,47.4,0.0,0.0,0.0,,5900,GPU,eval_count 없음,"FortiGate에서 로그 전송이 정상적으로 이루어지지 않는 경우, 로그 전송 설정 , 네트워크 정책 , 시…",responses/0916-1448_q03_qwen3_8b_run1.md,,,none
0916-1448,14,2026-09-16,14:59:16,q04,qwen3:8b,qwen3:8b,500a1f067a9f782620b,Q4_K_M,8192,1,정상,정상종료,164,1915,2574,,54.86,0.003,0.047,31.683,60.4,5900,GPU,,FortiGate 정책이 top down 방식으로 동작하지 않는 문제를 해결하기 위해 다음과 같은 확인 점검…,responses/0916-1448_q04_qwen3_8b_run1.md,,,none
0916-1448,15,2026-09-16,15:00:11,q05,qwen3:8b,qwen3:8b,500a1f067a9f782620b,Q4_K_M,8192,1,정상,정상종료,160,1588,1898,,57.66,0.006,0.05,26.173,60.7,,미적재,,HA 구성된 Cisco 스위치에서 STP 루프가 발생하면서 HA가 정상적으로 넘어가지 않는 문제를 해결하기 …,responses/0916-1448_q05_qwen3_8b_run1.md,,,none
0916-1448,16,2026-09-16,15:01:09,q06,qwen3:8b,qwen3:8b,500a1f067a9f782620b,Q4_K_M,8192,1,정상,정상종료,166,1561,1781,,35.11,9.29,0.155,25.656,60.8,,미적재,,"Cisco 스위치에서 NTP 시간 동기화 문제가 발생했을 때, 다음 점검 항목과 점검 순서를 따르는 것이 중…",responses/0916-1448_q06_qwen3_8b_run1.md,,,none
0916-1448,17,2026-09-16,15:01:44,q07,qwen3:8b,qwen3:8b,500a1f067a9f782620b,Q4_K_M,8192,1,정상,정상종료,181,1914,2005,,56.61,24.636,0.156,31.815,60.2,,미적재,,"HA 구성된 Cisco와 Juniper 스위치가 서로 연결된 경우, 문제가 발생했을 때 우선적으로 확인해야 …",responses/0916-1448_q07_qwen3_8b_run1.md,,,none
0916-1448,18,2026-09-16,15:02:41,q08,qwen3:8b,qwen3:8b,500a1f067a9f782620b,Q4_K_M,8192,1,정상,정상종료,153,1422,1577,,48.92,25.58,0.148,23.189,61.3,,미적재,,"IPsec VPN 연결 상태가 disable 로 표시되지만 터널 통신은 가능한 경우, 다음과 같은 점검 순서…",responses/0916-1448_q08_qwen3_8b_run1.md,,,none
0916-1448,19,2026-09-16,15:03:30,q09,qwen3:8b,qwen3:8b,500a1f067a9f782620b,Q4_K_M,8192,1,정상,정상종료,164,1379,1821,,48.42,25.652,0.167,22.593,61.0,,미적재,,"Cisco 스위치에서 광 SFP 모듈이 인식되지 않는 경우, 다음 단계로 문제를 점검하고 상태를 확인할 수 …",responses/0916-1448_q09_qwen3_8b_run1.md,,,none
0916-1448,20,2026-09-16,15:04:18,q10,qwen3:8b,qwen3:8b,500a1f067a9f782620b,Q4_K_M,8192,1,정상,정상종료,250,1652,2094,,52.58,25.185,0.175,27.215,60.7,,미적재,,이전 작업 중 VLAN 통신 문제와 루프 트래픽 발생을 해결하려면 다음 점검 순서 를 따르세요. 1. STP…,responses/0916-1448_q10_qwen3_8b_run1.md,,,none
0916-1448,21,2026-09-16,15:05:16,q01,gemma3:4b,gemma3:4b,a2af6cc3eb7fa8be850,Q4_K_M,8192,1,정상,정상종료,128,1503,3304,Y,30.71,0.006,0.051,15.284,98.3,2889,GPU,,네트워크 엔지니어로서 FortiGate 간 IPsec VPN 연결 실패 및 Phase 1/2 사이에서의 주기…,responses/0916-1448_q01_gemma3_4b_run1.md,,,none
0916-1448,22,2026-09-16,15:05:47,q02,gemma3:4b,gemma3:4b,a2af6cc3eb7fa8be850,Q4_K_M,8192,1,정상,정상종료,160,1638,3513,Y,31.31,0.005,0.059,16.741,97.8,2889,GPU,,"FortiGate Virtual IP 웹 서비스 중단 문제 해결 진단 웹 서비스 중단 현상에 대해, 현재 상…",responses/0916-1448_q02_gemma3_4b_run1.md,,,none
0916-1448,23,2026-09-16,15:06:18,q03,gemma3:4b,gemma3:4b,a2af6cc3eb7fa8be850,Q4_K_M,8192,1,정상,정상종료,122,1594,3547,Y,30.88,0.005,0.051,16.288,97.9,2889,GPU,,FortiGate 로그 누수 및 전송 실패 문제 해결 가이드 (네트워크 엔지니어) FortiGate에서 로그…,responses/0916-1448_q03_gemma3_4b_run1.md,,,none
0916-1448,24,2026-09-16,15:06:49,q04,gemma3:4b,gemma3:4b,a2af6cc3eb7fa8be850,Q4_K_M,8192,1,정상,정상종료,131,1532,3315,Y,30.78,0.005,0.051,15.656,97.9,2889,GPU,,네트워크 엔지니어로서 FortiGate 정책 적용 실패 문제를 진단하기 위해 Top Down 방식으로 접근하…,responses/0916-1448_q04_gemma3_4b_run1.md,,,none
0916-1448,25,2026-09-16,15:07:19,q05,gemma3:4b,gemma3:4b,a2af6cc3eb7fa8be850,Q4_K_M,8192,1,정상,정상종료,132,1490,3396,Y,31.01,0.005,0.051,15.705,94.9,2889,GPU,,HA 구성 Cisco 스위치 STP 루프 발생 시 문제 해결 로드맵 Cisco 스위치 HA 구성에서 STP …,responses/0916-1448_q05_gemma3_4b_run1.md,,,none
0916-1448,26,2026-09-16,15:07:50,q06,gemma3:4b,gemma3:4b,a2af6cc3eb7fa8be850,Q4_K_M,8192,1,정상,정상종료,132,1423,3162,Y,30.11,0.005,0.052,14.511,98.1,2889,GPU,,"네트워크 엔지니어로서, Cisco 스위치에서 NTP 설정 후 시간 오차가 발생하는 문제에 대한 질문 주셨습니…",responses/0916-1448_q06_gemma3_4b_run1.md,,,none
0916-1448,27,2026-09-16,15:08:21,q07,gemma3:4b,gemma3:4b,a2af6cc3eb7fa8be850,Q4_K_M,8192,1,정상,정상종료,146,1402,3218,Y,14.35,0.005,0.061,14.275,98.2,2889,GPU,,"네트워크 엔지니어로서, HA(High Availability) 구성에서 Cisco 스위치가 Juniper 스…",responses/0916-1448_q07_gemma3_4b_run1.md,,,none
0916-1448,28,2026-09-16,15:08:35,q08,gemma3:4b,gemma3:4b,a2af6cc3eb7fa8be850,Q4_K_M,8192,1,정상,정상종료,126,1465,3322,Y,15.03,0.005,0.052,14.966,97.9,2889,GPU,,네트워크 엔지니어로서 NetScreen 방화벽과 FortiGate 간 IPsec VPN 터널 구간 통신은 되…,responses/0916-1448_q08_gemma3_4b_run1.md,,,none
0916-1448,29,2026-09-16,15:08:50,q09,gemma3:4b,gemma3:4b,a2af6cc3eb7fa8be850,Q4_K_M,8192,1,정상,정상종료,138,1477,3123,Y,15.36,0.003,0.06,15.298,96.6,2889,GPU,,Cisco 스위치 광 SFP 모듈 인식 문제 진단 및 A/S 문의 가이드 (네트워크 엔지니어) 안녕하세요. …,responses/0916-1448_q09_gemma3_4b_run1.md,,,none
0916-1448,30,2026-09-16,15:09:05,q10,gemma3:4b,gemma3:4b,a2af6cc3eb7fa8be850,Q4_K_M,8192,1,정상,정상종료,204,1509,3207,Y,16.1,0.002,0.075,16.023,94.2,2889,GPU,,"네트워크 엔지니어로서, Cisco 스위치에서 Juniper 스위치로의 장비 이전 작업 중 발생하는 문제에 대…",responses/0916-1448_q10_gemma3_4b_run1.md,,,none
