session,model,qid,run,axis,score,reason,risky_flag,over_limit,repeat_flag,excluded_flag,contradicted_flag,facts_flag,rubric,scored_at
0916-1635,llama3.1:8b,q01,2,A,0,#375 AH로 오버헤드 감소·IKEv2→v1·동일 HW 원인,,,,Y,Y,,v2.1,2026-09-17T10:00:00
0916-1635,llama3.1:8b,q01,2,B,0,"#375 전부 단정, 조건·예외 표시 없음",,,,Y,Y,,v2.1,2026-09-17T10:00:00
0916-1635,llama3.1:8b,q01,2,C,0,#375 점검 항목이 일반론 수준이거나 반복으로 붕괴,,,,Y,Y,,v2.1,2026-09-17T10:00:00
0916-1635,llama3.1:8b,q01,2,D,0,"#375 ③ 미사용, IKE 버전 변경이 해결책",,,,Y,Y,,v2.1,2026-09-17T10:00:00
0916-1635,llama3.1:8b,q01,2,E,3,#375 형식·분량 문제 없음,,,,Y,Y,,v2.1,2026-09-17T10:00:00
0916-1655,gemma3:4b,q01,1,A,0,"#067 IKE_IDLE_TIME/ADV_TIME, show crypto ipsec sa(Cisco), 프록시 서버 설명",,Y,,Y,,,v2.1,2026-09-17T10:00:00
0916-1655,gemma3:4b,q01,1,B,1,#067 일반 면책 문구 또는 지시문 되읊기 수준,,Y,,Y,,,v2.1,2026-09-17T10:00:00
0916-1655,gemma3:4b,q01,1,C,1,"#067 일반론 위주, 빈틈 큼",,Y,,Y,,,v2.1,2026-09-17T10:00:00
0916-1655,gemma3:4b,q01,1,D,1,"#067 라우팅·협상값 섞임, 타이머(③)",,Y,,Y,,,v2.1,2026-09-17T10:00:00
0916-1655,gemma3:4b,q01,1,E,1,#067 3000자 초과,,Y,,Y,,,v2.1,2026-09-17T10:00:00
0916-1655,gemma3:4b,q01,2,A,0,"#325 HSU, NVRAM, 프록시 활용, 3DES 안전",,Y,,Y,,,v2.1,2026-09-17T10:00:00
0916-1655,gemma3:4b,q01,2,B,1,#325 일반 면책 문구 또는 지시문 되읊기 수준,,Y,,Y,,,v2.1,2026-09-17T10:00:00
0916-1655,gemma3:4b,q01,2,C,1,"#325 일반론 위주, 빈틈 큼",,Y,,Y,,,v2.1,2026-09-17T10:00:00
0916-1655,gemma3:4b,q01,2,D,0,#325 주 원인이 IKE·ESP 불일치(①⊗),,Y,,Y,,,v2.1,2026-09-17T10:00:00
0916-1655,gemma3:4b,q01,2,E,1,#325 3000자 초과,,Y,,Y,,,v2.1,2026-09-17T10:00:00
0916-1644,qwen3:8b,q01,2,A,0,"#564 ipsec set-nat-traversal, Auto-reconnect, life 값, 디버그 레벨",,,,Y,Y,,v2.1,2026-09-17T10:00:00
0916-1644,qwen3:8b,q01,2,B,1,#564 일반 면책 문구 또는 지시문 되읊기 수준,,,,Y,Y,,v2.1,2026-09-17T10:00:00
0916-1644,qwen3:8b,q01,2,C,1,"#564 일반론 위주, 빈틈 큼",,,,Y,Y,,v2.1,2026-09-17T10:00:00
0916-1644,qwen3:8b,q01,2,D,0,"#564 추천 조치 앞쪽이 PSK·제안값, ping/tracert(①×)",,,,Y,Y,,v2.1,2026-09-17T10:00:00
0916-1644,qwen3:8b,q01,2,E,3,#564 형식·분량 문제 없음,,,,Y,Y,,v2.1,2026-09-17T10:00:00
0916-1635,llama3.1:8b,q01,1,A,1,#377 검증 대상 없음 → 상한 1,,,,Y,,,v2.1,2026-09-17T10:00:00
0916-1635,llama3.1:8b,q01,1,B,1,#377 일반 면책 문구 또는 지시문 되읊기 수준,,,,Y,,,v2.1,2026-09-17T10:00:00
0916-1635,llama3.1:8b,q01,1,C,0,#377 점검 항목이 일반론 수준이거나 반복으로 붕괴,,,,Y,,,v2.1,2026-09-17T10:00:00
0916-1635,llama3.1:8b,q01,1,D,1,"#377 라우팅 테이블 확인 섞임(①△), IKE 교환 주기(③)",,,,Y,,,v2.1,2026-09-17T10:00:00
0916-1635,llama3.1:8b,q01,1,E,0,#377 외국 문자 혼입 (한자 혼입),,,,Y,,,v2.1,2026-09-17T10:00:00
0916-1655,gemma3:4b,q01,3,A,0,"#080 하이웨이(DH), 서로 다른 IKE 버전, DNS",Y,Y,,Y,Y,,v2.1,2026-09-17T10:00:00
0916-1655,gemma3:4b,q01,3,B,1,#080 일반 면책 문구 또는 지시문 되읊기 수준,Y,Y,,Y,Y,,v2.1,2026-09-17T10:00:00
0916-1655,gemma3:4b,q01,3,C,1,"#080 일반론 위주, 빈틈 큼",Y,Y,,Y,Y,,v2.1,2026-09-17T10:00:00
0916-1655,gemma3:4b,q01,3,D,1,#080 ping·traceroute·제안값 섞임(①×),Y,Y,,Y,Y,,v2.1,2026-09-17T10:00:00
0916-1655,gemma3:4b,q01,3,E,1,#080 3000자 초과,Y,Y,,Y,Y,,v2.1,2026-09-17T10:00:00
0916-1644,qwen3:8b,q01,1,A,0,"#826 phase1-ike 전략, proposal 3, 보통 3600초, diagnose 3종",,,,Y,Y,Y,v2.1,2026-09-17T10:00:00
0916-1644,qwen3:8b,q01,1,B,1,#826 일반 면책 문구 또는 지시문 되읊기 수준,,,,Y,Y,Y,v2.1,2026-09-17T10:00:00
0916-1644,qwen3:8b,q01,1,C,2,#826 일반론 3개 이상이나 빈틈이 절반 미만,,,,Y,Y,Y,v2.1,2026-09-17T10:00:00
0916-1644,qwen3:8b,q01,1,D,0,#826 요약 1순위가 proposal·PSK(×),,,,Y,Y,Y,v2.1,2026-09-17T10:00:00
0916-1644,qwen3:8b,q01,1,E,3,#826 형식·분량 문제 없음,,,,Y,Y,Y,v2.1,2026-09-17T10:00:00
0916-1635,llama3.1:8b,q01,3,A,0,#514 '연결되지 않습니다' 틀린 전제,,,,Y,,,v2.1,2026-09-17T10:00:00
0916-1635,llama3.1:8b,q01,3,B,0,"#514 전부 단정, 조건·예외 표시 없음",,,,Y,,,v2.1,2026-09-17T10:00:00
0916-1635,llama3.1:8b,q01,3,C,0,#514 점검 항목이 일반론 수준이거나 반복으로 붕괴,,,,Y,,,v2.1,2026-09-17T10:00:00
0916-1635,llama3.1:8b,q01,3,D,0,"#514 단서 미사용, 반복 붕괴",,,,Y,,,v2.1,2026-09-17T10:00:00
0916-1635,llama3.1:8b,q01,3,E,0,#514 외국 문자 혼입 (한자 혼입),,,,Y,,,v2.1,2026-09-17T10:00:00
0916-1644,qwen3:8b,q01,3,A,0,"#385 show ip route, ping -c, ike-keepalive, max-rekey/conn, local-ip, 포트 50·51",,,,Y,Y,,v2.1,2026-09-17T10:00:00
0916-1644,qwen3:8b,q01,3,B,1,#385 일반 면책 문구 또는 지시문 되읊기 수준,,,,Y,Y,,v2.1,2026-09-17T10:00:00
0916-1644,qwen3:8b,q01,3,C,2,#385 일반론 3개 이상이나 빈틈이 절반 미만,,,,Y,Y,,v2.1,2026-09-17T10:00:00
0916-1644,qwen3:8b,q01,3,D,1,#385 라우팅 정상 인지 후 재점검(①△),,,,Y,Y,,v2.1,2026-09-17T10:00:00
0916-1644,qwen3:8b,q01,3,E,3,#385 형식·분량 문제 없음,,,,Y,Y,,v2.1,2026-09-17T10:00:00
0916-1635,llama3.1:8b,q02,2,A,1,#884 검증 대상 적음 → 상한 1,,,,Y,,,v2.1,2026-09-17T10:00:00
0916-1635,llama3.1:8b,q02,2,B,1,#884 일반 면책 문구 또는 지시문 되읊기 수준,,,,Y,,,v2.1,2026-09-17T10:00:00
0916-1635,llama3.1:8b,q02,2,C,0,#884 점검 항목이 일반론 수준이거나 반복으로 붕괴,,,,Y,,,v2.1,2026-09-17T10:00:00
0916-1635,llama3.1:8b,q02,2,D,0,"#884 ④를 VIP 통신 정상 근거로 오용, '가장 먼저 VIP 설정'(①×)",,,,Y,,,v2.1,2026-09-17T10:00:00
0916-1635,llama3.1:8b,q02,2,E,3,#884 형식·분량 문제 없음,,,,Y,,,v2.1,2026-09-17T10:00:00
0916-1655,gemma3:4b,q02,1,A,0,"#450 VIP 게이트웨이, Application Firewall Log, 라인 인터페이스",Y,Y,,Y,,,v2.1,2026-09-17T10:00:00
0916-1655,gemma3:4b,q02,1,B,1,#450 일반 면책 문구 또는 지시문 되읊기 수준,Y,Y,,Y,,,v2.1,2026-09-17T10:00:00
0916-1655,gemma3:4b,q02,1,C,1,"#450 일반론 위주, 빈틈 큼",Y,Y,,Y,,,v2.1,2026-09-17T10:00:00
0916-1655,gemma3:4b,q02,1,D,0,"#450 'FortiGate 장비를 재시작', 배제 조치 재점검",Y,Y,,Y,,,v2.1,2026-09-17T10:00:00
0916-1655,gemma3:4b,q02,1,E,1,#450 3000자 초과,Y,Y,,Y,,,v2.1,2026-09-17T10:00:00
0916-1655,gemma3:4b,q02,2,A,0,#004 애플리케이션 뷰·FortiGate Service 설정,Y,Y,,Y,,,v2.1,2026-09-17T10:00:00
0916-1655,gemma3:4b,q02,2,B,1,#004 일반 면책 문구 또는 지시문 되읊기 수준,Y,Y,,Y,,,v2.1,2026-09-17T10:00:00
0916-1655,gemma3:4b,q02,2,C,1,"#004 일반론 위주, 빈틈 큼",Y,Y,,Y,,,v2.1,2026-09-17T10:00:00
0916-1655,gemma3:4b,q02,2,D,0,"#004 결론이 '웹 서비스 자체의 문제'(②⊗), 설정 초기화",Y,Y,,Y,,,v2.1,2026-09-17T10:00:00
0916-1655,gemma3:4b,q02,2,E,1,#004 3000자 초과,Y,Y,,Y,,,v2.1,2026-09-17T10:00:00
0916-1644,qwen3:8b,q02,2,A,0,"#902 diagnose sys virtual-ip, diagnose firewall log, 상태 기반 필터링",,,,Y,,,v2.1,2026-09-17T10:00:00
0916-1644,qwen3:8b,q02,2,B,0,"#902 전부 단정, 조건·예외 표시 없음",,,,Y,,,v2.1,2026-09-17T10:00:00
0916-1644,qwen3:8b,q02,2,C,2,#902 일반론 3개 이상이나 빈틈이 절반 미만,,,,Y,,,v2.1,2026-09-17T10:00:00
0916-1644,qwen3:8b,q02,2,D,0,"#902 80·443 리스닝·iptables는 방향 좋으나 1단계 VIP 재확인(①×), 결론 서버 서비스(②⊗)",,,,Y,,,v2.1,2026-09-17T10:00:00
0916-1644,qwen3:8b,q02,2,E,3,#902 형식·분량 문제 없음,,,,Y,,,v2.1,2026-09-17T10:00:00
0916-1635,llama3.1:8b,q02,1,A,1,#930 검증 대상 적음 → 상한 1,,,,Y,,,v2.1,2026-09-17T10:00:00
0916-1635,llama3.1:8b,q02,1,B,0,"#930 전부 단정, 조건·예외 표시 없음",,,,Y,,,v2.1,2026-09-17T10:00:00
0916-1635,llama3.1:8b,q02,1,C,0,#930 점검 항목이 일반론 수준이거나 반복으로 붕괴,,,,Y,,,v2.1,2026-09-17T10:00:00
0916-1635,llama3.1:8b,q02,1,D,0,"#930 점검 순서 전체가 배제 조치(①②③×), 목록 반복",,,,Y,,,v2.1,2026-09-17T10:00:00
0916-1635,llama3.1:8b,q02,1,E,3,#930 형식·분량 문제 없음,,,,Y,,,v2.1,2026-09-17T10:00:00
0916-1655,gemma3:4b,q02,3,A,0,"#153 오목성(lateness), LOSS 플래그, FortiGuard",Y,Y,,Y,,,v2.1,2026-09-17T10:00:00
0916-1655,gemma3:4b,q02,3,B,1,#153 일반 면책 문구 또는 지시문 되읊기 수준,Y,Y,,Y,,,v2.1,2026-09-17T10:00:00
0916-1655,gemma3:4b,q02,3,C,1,"#153 일반론 위주, 빈틈 큼",Y,Y,,Y,,,v2.1,2026-09-17T10:00:00
0916-1655,gemma3:4b,q02,3,D,0,#153 1단계 VIP·정책·서버 재확인(①②×),Y,Y,,Y,,,v2.1,2026-09-17T10:00:00
0916-1655,gemma3:4b,q02,3,E,1,#153 3000자 초과,Y,Y,,Y,,,v2.1,2026-09-17T10:00:00
0916-1644,qwen3:8b,q02,1,A,0,"#984 VIP IP=서버 IP, Incoming 방향, Forward 액션, PORT_FORWARD",,,,Y,,,v2.1,2026-09-17T10:00:00
0916-1644,qwen3:8b,q02,1,B,1,#984 일반 면책 문구 또는 지시문 되읊기 수준,,,,Y,,,v2.1,2026-09-17T10:00:00
0916-1644,qwen3:8b,q02,1,C,2,#984 일반론 3개 이상이나 빈틈이 절반 미만,,,,Y,,,v2.1,2026-09-17T10:00:00
0916-1644,qwen3:8b,q02,1,D,0,#984 1~3번이 VIP·정책 재확인(①×),,,,Y,,,v2.1,2026-09-17T10:00:00
0916-1644,qwen3:8b,q02,1,E,3,#984 형식·분량 문제 없음,,,,Y,,,v2.1,2026-09-17T10:00:00
0916-1635,llama3.1:8b,q02,3,A,1,#505 검증 대상 적음 → 상한 1,,,,Y,,,v2.1,2026-09-17T10:00:00
0916-1635,llama3.1:8b,q02,3,B,0,"#505 전부 단정, 조건·예외 표시 없음",,,,Y,,,v2.1,2026-09-17T10:00:00
0916-1635,llama3.1:8b,q02,3,C,0,#505 점검 항목이 일반론 수준이거나 반복으로 붕괴,,,,Y,,,v2.1,2026-09-17T10:00:00
0916-1635,llama3.1:8b,q02,3,D,0,"#505 VIP 구성·경로 재점검(①×), 트래픽 방향 거꾸로",,,,Y,,,v2.1,2026-09-17T10:00:00
0916-1635,llama3.1:8b,q02,3,E,3,#505 형식·분량 문제 없음,,,,Y,,,v2.1,2026-09-17T10:00:00
0916-1644,qwen3:8b,q02,3,A,0,"#659 diagnose firewall vip list/get, policy list, interface list, system diagnostic",,,,Y,,,v2.1,2026-09-17T10:00:00
0916-1644,qwen3:8b,q02,3,B,1,#659 일반 면책 문구 또는 지시문 되읊기 수준,,,,Y,,,v2.1,2026-09-17T10:00:00
0916-1644,qwen3:8b,q02,3,C,2,#659 일반론 3개 이상이나 빈틈이 절반 미만,,,,Y,,,v2.1,2026-09-17T10:00:00
0916-1644,qwen3:8b,q02,3,D,0,#659 1·2단계가 VIP·정책 재확인(①×),,,,Y,,,v2.1,2026-09-17T10:00:00
0916-1644,qwen3:8b,q02,3,E,3,#659 형식·분량 문제 없음,,,,Y,,,v2.1,2026-09-17T10:00:00
0916-1635,llama3.1:8b,q03,2,A,0,"#986 ha-logging, sys user list, get policy id, netstat -r",,,,Y,,,v2.1,2026-09-17T10:00:00
0916-1635,llama3.1:8b,q03,2,B,0,"#986 전부 단정, 조건·예외 표시 없음",,,,Y,,,v2.1,2026-09-17T10:00:00
0916-1635,llama3.1:8b,q03,2,C,0,#986 점검 항목이 일반론 수준이거나 반복으로 붕괴,,,,Y,,,v2.1,2026-09-17T10:00:00
0916-1635,llama3.1:8b,q03,2,D,0,"#986 ③ 1순위 재점검(×), ha-logging 3회 반복",,,,Y,,,v2.1,2026-09-17T10:00:00
0916-1635,llama3.1:8b,q03,2,E,3,#986 형식·분량 문제 없음,,,,Y,,,v2.1,2026-09-17T10:00:00
0916-1655,gemma3:4b,q03,1,A,0,"#122 SCP·SFTP·SMB, 로그 누수, 설정 변경 후 재부팅 필요",Y,Y,,,,Y,v2.1,2026-09-17T10:00:00
0916-1655,gemma3:4b,q03,1,B,1,#122 일반 면책 문구 또는 지시문 되읊기 수준,Y,Y,,,,Y,v2.1,2026-09-17T10:00:00
0916-1655,gemma3:4b,q03,1,C,1,"#122 일반론 위주, 빈틈 큼",Y,Y,,,,Y,v2.1,2026-09-17T10:00:00
0916-1655,gemma3:4b,q03,1,D,0,#122 결론이 ④ 재확인(×),Y,Y,,,,Y,v2.1,2026-09-17T10:00:00
0916-1655,gemma3:4b,q03,1,E,1,#122 3000자 초과,Y,Y,,,,Y,v2.1,2026-09-17T10:00:00
0916-1655,gemma3:4b,q03,2,A,0,"#492 Append 모드 설명, 로그 볼륨",Y,Y,,Y,,,v2.1,2026-09-17T10:00:00
0916-1655,gemma3:4b,q03,2,B,1,#492 일반 면책 문구 또는 지시문 되읊기 수준,Y,Y,,Y,,,v2.1,2026-09-17T10:00:00
0916-1655,gemma3:4b,q03,2,C,1,"#492 일반론 위주, 빈틈 큼",Y,Y,,Y,,,v2.1,2026-09-17T10:00:00
0916-1655,gemma3:4b,q03,2,D,0,#492 '로그 서버 자체의 문제 가능성을 배제하지 않고'(②⊗),Y,Y,,Y,,,v2.1,2026-09-17T10:00:00
0916-1655,gemma3:4b,q03,2,E,1,#492 3000자 초과,Y,Y,,Y,,,v2.1,2026-09-17T10:00:00
0916-1644,qwen3:8b,q03,2,A,0,"#319 troubleticket list, sys interface list, sys route",,,,Y,,,v2.1,2026-09-17T10:00:00
0916-1644,qwen3:8b,q03,2,B,1,#319 일반 면책 문구 또는 지시문 되읊기 수준,,,,Y,,,v2.1,2026-09-17T10:00:00
0916-1644,qwen3:8b,q03,2,C,2,#319 일반론 3개 이상이나 빈틈이 절반 미만,,,,Y,,,v2.1,2026-09-17T10:00:00
0916-1644,qwen3:8b,q03,2,D,0,#319 7번이 ①에 근접하나 1순위가 ③ 재확인(×),,,,Y,,,v2.1,2026-09-17T10:00:00
0916-1644,qwen3:8b,q03,2,E,3,#319 형식·분량 문제 없음,,,,Y,,,v2.1,2026-09-17T10:00:00
0916-1635,llama3.1:8b,q03,1,A,1,#836 FTP·SFTP 전송 / 검증 대상 적음,,,,Y,,,v2.1,2026-09-17T10:00:00
0916-1635,llama3.1:8b,q03,1,B,0,"#836 전부 단정, 조건·예외 표시 없음",,,,Y,,,v2.1,2026-09-17T10:00:00
0916-1635,llama3.1:8b,q03,1,C,0,#836 점검 항목이 일반론 수준이거나 반복으로 붕괴,,,,Y,,,v2.1,2026-09-17T10:00:00
0916-1635,llama3.1:8b,q03,1,D,0,#836 결론이 전송 설정·네트워크(③④×),,,,Y,,,v2.1,2026-09-17T10:00:00
0916-1635,llama3.1:8b,q03,1,E,3,#836 형식·분량 문제 없음,,,,Y,,,v2.1,2026-09-17T10:00:00
0916-1655,gemma3:4b,q03,3,A,0,"#217 FTPS, 수집 주기, 헬스 체크 자동 복구",Y,Y,,Y,Y,,v2.1,2026-09-17T10:00:00
0916-1655,gemma3:4b,q03,3,B,1,#217 일반 면책 문구 또는 지시문 되읊기 수준,Y,Y,,Y,Y,,v2.1,2026-09-17T10:00:00
0916-1655,gemma3:4b,q03,3,C,1,"#217 일반론 위주, 빈틈 큼",Y,Y,,Y,Y,,v2.1,2026-09-17T10:00:00
0916-1655,gemma3:4b,q03,3,D,0,"#217 1번이 재부팅, 단서 미사용",Y,Y,,Y,Y,,v2.1,2026-09-17T10:00:00
0916-1655,gemma3:4b,q03,3,E,1,#217 3000자 초과,Y,Y,,Y,Y,,v2.1,2026-09-17T10:00:00
0916-1644,qwen3:8b,q03,1,A,0,"#609 Config Log Forwarding, diagnose log forwarding, HTTP/HTTPS 80·443",,,,Y,,,v2.1,2026-09-17T10:00:00
0916-1644,qwen3:8b,q03,1,B,1,#609 일반 면책 문구 또는 지시문 되읊기 수준,,,,Y,,,v2.1,2026-09-17T10:00:00
0916-1644,qwen3:8b,q03,1,C,1,"#609 일반론 위주, 빈틈 큼",,,,Y,,,v2.1,2026-09-17T10:00:00
0916-1644,qwen3:8b,q03,1,D,0,#609 Log Settings 1순위(③×),,,,Y,,,v2.1,2026-09-17T10:00:00
0916-1644,qwen3:8b,q03,1,E,3,#609 형식·분량 문제 없음,,,,Y,,,v2.1,2026-09-17T10:00:00
0916-1635,llama3.1:8b,q03,3,A,0,"#839 Configuration > Log & Report, 수집 모드, diagnose sys log",,,,,,,v2.1,2026-09-17T10:00:00
0916-1635,llama3.1:8b,q03,3,B,0,"#839 전부 단정, 조건·예외 표시 없음",,,,,,,v2.1,2026-09-17T10:00:00
0916-1635,llama3.1:8b,q03,3,C,0,#839 점검 항목이 일반론 수준이거나 반복으로 붕괴,,,,,,,v2.1,2026-09-17T10:00:00
0916-1635,llama3.1:8b,q03,3,D,0,#839 단서 연결 없음(–),,,,,,,v2.1,2026-09-17T10:00:00
0916-1635,llama3.1:8b,q03,3,E,3,#839 형식·분량 문제 없음,,,,,,,v2.1,2026-09-17T10:00:00
0916-1644,qwen3:8b,q03,3,A,0,#562 log database/memory/forward 등 가짜 다수,,,,,,,v2.1,2026-09-17T10:00:00
0916-1644,qwen3:8b,q03,3,B,1,#562 일반 면책 문구 또는 지시문 되읊기 수준,,,,,,,v2.1,2026-09-17T10:00:00
0916-1644,qwen3:8b,q03,3,C,2,#562 일반론 3개 이상이나 빈틈이 절반 미만,,,,,,,v2.1,2026-09-17T10:00:00
0916-1644,qwen3:8b,q03,3,D,1,"#562 1순위 로컬 저장 확인(①○), ②③ 재점검 섞임",,,,,,,v2.1,2026-09-17T10:00:00
0916-1644,qwen3:8b,q03,3,E,3,#562 형식·분량 문제 없음,,,,,,,v2.1,2026-09-17T10:00:00
0916-1635,llama3.1:8b,q04,2,A,1,#138 로드 밸런싱 설정 / 검증 대상 적음,,,,Y,,,v2.1,2026-09-17T10:00:00
0916-1635,llama3.1:8b,q04,2,B,1,#138 일반 면책 문구 또는 지시문 되읊기 수준,,,,Y,,,v2.1,2026-09-17T10:00:00
0916-1635,llama3.1:8b,q04,2,C,0,#138 점검 항목이 일반론 수준이거나 반복으로 붕괴,,,,Y,,,v2.1,2026-09-17T10:00:00
0916-1635,llama3.1:8b,q04,2,D,0,#138 1단계가 '순서를 변경하여 확인'(③×),,,,Y,,,v2.1,2026-09-17T10:00:00
0916-1635,llama3.1:8b,q04,2,E,3,#138 형식·분량 문제 없음,,,,Y,,,v2.1,2026-09-17T10:00:00
0916-1655,gemma3:4b,q04,1,A,0,"#449 show system ruleset, clear rule_cache, Strict 모드",,Y,,Y,,Y,v2.1,2026-09-17T10:00:00
0916-1655,gemma3:4b,q04,1,B,1,#449 일반 면책 문구 또는 지시문 되읊기 수준,,Y,,Y,,Y,v2.1,2026-09-17T10:00:00
0916-1655,gemma3:4b,q04,1,C,1,"#449 일반론 위주, 빈틈 큼",,Y,,Y,,Y,v2.1,2026-09-17T10:00:00
0916-1655,gemma3:4b,q04,1,D,1,"#449 활성화 1번, 우선순위·포트 재확인 섞임(②△)",,Y,,Y,,Y,v2.1,2026-09-17T10:00:00
0916-1655,gemma3:4b,q04,1,E,1,#449 3000자 초과,,Y,,Y,,Y,v2.1,2026-09-17T10:00:00
0916-1655,gemma3:4b,q04,2,A,0,"#079 FortiGuard, DROP/TRANSLATE",Y,Y,,,,Y,v2.1,2026-09-17T10:00:00
0916-1655,gemma3:4b,q04,2,B,1,#079 일반 면책 문구 또는 지시문 되읊기 수준,Y,Y,,,,Y,v2.1,2026-09-17T10:00:00
0916-1655,gemma3:4b,q04,2,C,1,"#079 일반론 위주, 빈틈 큼",Y,Y,,,,Y,v2.1,2026-09-17T10:00:00
0916-1655,gemma3:4b,q04,2,D,0,#079 주된 가설이 정책 우선순위(①⊗) → 0 확정,Y,Y,,,,Y,v2.1,2026-09-17T10:00:00
0916-1655,gemma3:4b,q04,2,E,1,#079 3000자 초과,Y,Y,,,,Y,v2.1,2026-09-17T10:00:00
0916-1644,qwen3:8b,q04,2,A,0,"#523 diag view policy, tcp/80 vs http, 루트 인터페이스",,,,Y,,,v2.1,2026-09-17T10:00:00
0916-1644,qwen3:8b,q04,2,B,1,#523 일반 면책 문구 또는 지시문 되읊기 수준,,,,Y,,,v2.1,2026-09-17T10:00:00
0916-1644,qwen3:8b,q04,2,C,2,#523 일반론 3개 이상이나 빈틈이 절반 미만,,,,Y,,,v2.1,2026-09-17T10:00:00
0916-1644,qwen3:8b,q04,2,D,1,"#523 4단계에서 포트 재제안(②×), 나머지는 단서 언급",,,,Y,,,v2.1,2026-09-17T10:00:00
0916-1644,qwen3:8b,q04,2,E,3,#523 형식·분량 문제 없음,,,,Y,,,v2.1,2026-09-17T10:00:00
0916-1635,llama3.1:8b,q04,1,A,1,#804 정책 우선순위 설명 / 검증 대상 적음,,,,Y,Y,Y,v2.1,2026-09-17T10:00:00
0916-1635,llama3.1:8b,q04,1,B,0,"#804 전부 단정, 조건·예외 표시 없음",,,,Y,Y,Y,v2.1,2026-09-17T10:00:00
0916-1635,llama3.1:8b,q04,1,C,0,#804 점검 항목이 일반론 수준이거나 반복으로 붕괴,,,,Y,Y,Y,v2.1,2026-09-17T10:00:00
0916-1635,llama3.1:8b,q04,1,D,0,#804 Policy Order 1순위(①⊗③×),,,,Y,Y,Y,v2.1,2026-09-17T10:00:00
0916-1635,llama3.1:8b,q04,1,E,0,#804 외국 문자 혼입 (키릴 혼입),,,,Y,Y,Y,v2.1,2026-09-17T10:00:00
0916-1655,gemma3:4b,q04,3,A,0,"#834 PEO, Policy Analyzer",Y,Y,,Y,,Y,v2.1,2026-09-17T10:00:00
0916-1655,gemma3:4b,q04,3,B,1,#834 일반 면책 문구 또는 지시문 되읊기 수준,Y,Y,,Y,,Y,v2.1,2026-09-17T10:00:00
0916-1655,gemma3:4b,q04,3,C,1,"#834 일반론 위주, 빈틈 큼",Y,Y,,Y,,Y,v2.1,2026-09-17T10:00:00
0916-1655,gemma3:4b,q04,3,D,1,"#834 Policy Reset·Factory Reset, 단서 언급만(△)",Y,Y,,Y,,Y,v2.1,2026-09-17T10:00:00
0916-1655,gemma3:4b,q04,3,E,1,#834 3000자 초과,Y,Y,,Y,,Y,v2.1,2026-09-17T10:00:00
0916-1644,qwen3:8b,q04,1,A,1,#925 Policy ID 0 / 검증 대상 적음,Y,,,Y,Y,Y,v2.1,2026-09-17T10:00:00
0916-1644,qwen3:8b,q04,1,B,0,"#925 전부 단정, 조건·예외 표시 없음",Y,,,Y,Y,Y,v2.1,2026-09-17T10:00:00
0916-1644,qwen3:8b,q04,1,C,1,"#925 일반론 위주, 빈틈 큼",Y,,,Y,Y,Y,v2.1,2026-09-17T10:00:00
0916-1644,qwen3:8b,q04,1,D,1,"#925 활성화 1번(④○), 포트·맨 위 재확인 섞임(②③×), source·dest 3회 반복",Y,,,Y,Y,Y,v2.1,2026-09-17T10:00:00
0916-1644,qwen3:8b,q04,1,E,3,#925 형식·분량 문제 없음,Y,,,Y,Y,Y,v2.1,2026-09-17T10:00:00
0916-1635,llama3.1:8b,q04,3,A,0,"#655 포리베이션, apply group, get system config",,,,,,,v2.1,2026-09-17T10:00:00
0916-1635,llama3.1:8b,q04,3,B,0,"#655 전부 단정, 조건·예외 표시 없음",,,,,,,v2.1,2026-09-17T10:00:00
0916-1635,llama3.1:8b,q04,3,C,0,#655 점검 항목이 일반론 수준이거나 반복으로 붕괴,,,,,,,v2.1,2026-09-17T10:00:00
0916-1635,llama3.1:8b,q04,3,D,0,"#655 반복 붕괴, 단서 연결 없음(–)",,,,,,,v2.1,2026-09-17T10:00:00
0916-1635,llama3.1:8b,q04,3,E,3,#655 형식·분량 문제 없음,,,,,,,v2.1,2026-09-17T10:00:00
0916-1644,qwen3:8b,q04,3,A,0,"#518 80-80, 구분자 ':', diag system event view, save 필요, 정책 번호 1",,,,Y,,Y,v2.1,2026-09-17T10:00:00
0916-1644,qwen3:8b,q04,3,B,1,#518 일반 면책 문구 또는 지시문 되읊기 수준,,,,Y,,Y,v2.1,2026-09-17T10:00:00
0916-1644,qwen3:8b,q04,3,C,2,#518 일반론 3개 이상이나 빈틈이 절반 미만,,,,Y,,Y,v2.1,2026-09-17T10:00:00
0916-1644,qwen3:8b,q04,3,D,0,#518 1순위가 '정확히 맨 위로'(③×),,,,Y,,Y,v2.1,2026-09-17T10:00:00
0916-1644,qwen3:8b,q04,3,E,3,#518 형식·분량 문제 없음,,,,Y,,Y,v2.1,2026-09-17T10:00:00
0916-1635,llama3.1:8b,q05,2,A,2,#700 명령은 대체로 맞음,,,,Y,,,v2.1,2026-09-17T10:00:00
0916-1635,llama3.1:8b,q05,2,B,0,"#700 전부 단정, 조건·예외 표시 없음",,,,Y,,,v2.1,2026-09-17T10:00:00
0916-1635,llama3.1:8b,q05,2,C,0,#700 점검 항목이 일반론 수준이거나 반복으로 붕괴,,,,Y,,,v2.1,2026-09-17T10:00:00
0916-1635,llama3.1:8b,q05,2,D,0,"#700 'summary를 다시 실행'(⑤×), 끝부분 반복",,,,Y,,,v2.1,2026-09-17T10:00:00
0916-1635,llama3.1:8b,q05,2,E,3,#700 형식·분량 문제 없음,,,,Y,,,v2.1,2026-09-17T10:00:00
0916-1655,gemma3:4b,q05,1,A,0,"#473 listen-key, show spanning-tree feature/loop-detection, show ha",,Y,,Y,,,v2.1,2026-09-17T10:00:00
0916-1655,gemma3:4b,q05,1,B,1,#473 일반 면책 문구 또는 지시문 되읊기 수준,,Y,,Y,,,v2.1,2026-09-17T10:00:00
0916-1655,gemma3:4b,q05,1,C,1,"#473 일반론 위주, 빈틈 큼",,Y,,Y,,,v2.1,2026-09-17T10:00:00
0916-1655,gemma3:4b,q05,1,D,0,#473 결론이 로그 분석(④×),,Y,,Y,,,v2.1,2026-09-17T10:00:00
0916-1655,gemma3:4b,q05,1,E,1,#473 3000자 초과,,Y,,Y,,,v2.1,2026-09-17T10:00:00
0916-1655,gemma3:4b,q05,2,A,0,"#311 패리티, 스위칭 둡, Chord·LDCP, show ha session",,Y,,Y,,,v2.1,2026-09-17T10:00:00
0916-1655,gemma3:4b,q05,2,B,1,#311 일반 면책 문구 또는 지시문 되읊기 수준,,Y,,Y,,,v2.1,2026-09-17T10:00:00
0916-1655,gemma3:4b,q05,2,C,1,"#311 일반론 위주, 빈틈 큼",,Y,,Y,,,v2.1,2026-09-17T10:00:00
0916-1655,gemma3:4b,q05,2,D,0,#311 1단계 로그 재분석(④×),,Y,,Y,,,v2.1,2026-09-17T10:00:00
0916-1655,gemma3:4b,q05,2,E,1,#311 3000자 초과,,Y,,Y,,,v2.1,2026-09-17T10:00:00
0916-1644,qwen3:8b,q05,2,A,0,"#378 vlan instance, summary의 path cost, alternate·blocked 회피",,,,Y,,,v2.1,2026-09-17T10:00:00
0916-1644,qwen3:8b,q05,2,B,1,#378 일반 면책 문구 또는 지시문 되읊기 수준,,,,Y,,,v2.1,2026-09-17T10:00:00
0916-1644,qwen3:8b,q05,2,C,2,#378 일반론 3개 이상이나 빈틈이 절반 미만,,,,Y,,,v2.1,2026-09-17T10:00:00
0916-1644,qwen3:8b,q05,2,D,1,"#378 서두에서 ④⑤→HA 연결(△), 조치 2가 summary 재실행(⑤×)",,,,Y,,,v2.1,2026-09-17T10:00:00
0916-1644,qwen3:8b,q05,2,E,3,#378 형식·분량 문제 없음,,,,Y,,,v2.1,2026-09-17T10:00:00
0916-1635,llama3.1:8b,q05,1,A,0,"#050 show ha, boot order",,Y,Y,Y,,,v2.1,2026-09-17T10:00:00
0916-1635,llama3.1:8b,q05,1,B,0,"#050 전부 단정, 조건·예외 표시 없음",,Y,Y,Y,,,v2.1,2026-09-17T10:00:00
0916-1635,llama3.1:8b,q05,1,C,0,#050 점검 항목이 일반론 수준이거나 반복으로 붕괴,,Y,Y,Y,,,v2.1,2026-09-17T10:00:00
0916-1635,llama3.1:8b,q05,1,D,0,"#050 대량 반복, 단서 연결 없음(–)",,Y,Y,Y,,,v2.1,2026-09-17T10:00:00
0916-1635,llama3.1:8b,q05,1,E,1,#050 3000자 초과,,Y,Y,Y,,,v2.1,2026-09-17T10:00:00
0916-1655,gemma3:4b,q05,3,A,0,"#842 show ha, Not Ready, 시간 동기화",,Y,,Y,,,v2.1,2026-09-17T10:00:00
0916-1655,gemma3:4b,q05,3,B,1,#842 일반 면책 문구 또는 지시문 되읊기 수준,,Y,,Y,,,v2.1,2026-09-17T10:00:00
0916-1655,gemma3:4b,q05,3,C,1,"#842 일반론 위주, 빈틈 큼",,Y,,Y,,,v2.1,2026-09-17T10:00:00
0916-1655,gemma3:4b,q05,3,D,2,#842 summary 정상 → detail·BPDU 캡처·debug로 확장(⑤○),,Y,,Y,,,v2.1,2026-09-17T10:00:00
0916-1655,gemma3:4b,q05,3,E,0,#842 외국 문자 혼입 (벵골 문자 혼입),,Y,,Y,,,v2.1,2026-09-17T10:00:00
0916-1644,qwen3:8b,q05,1,A,1,"#140 show spanning-tree instance, show bpdu guard",,,,Y,,,v2.1,2026-09-17T10:00:00
0916-1644,qwen3:8b,q05,1,B,0,"#140 전부 단정, 조건·예외 표시 없음",,,,Y,,,v2.1,2026-09-17T10:00:00
0916-1644,qwen3:8b,q05,1,C,2,#140 일반론 3개 이상이나 빈틈이 절반 미만,,,,Y,,,v2.1,2026-09-17T10:00:00
0916-1644,qwen3:8b,q05,1,D,2,"#140 인스턴스별 점검·트렁크 가설, 가드는 조건부(②④○)",,,,Y,,,v2.1,2026-09-17T10:00:00
0916-1644,qwen3:8b,q05,1,E,3,#140 형식·분량 문제 없음,,,,Y,,,v2.1,2026-09-17T10:00:00
0916-1635,llama3.1:8b,q05,3,A,1,#281 HA=하트비트 아키텍처 오설명 / 검증 대상 적음,,,,Y,,,v2.1,2026-09-17T10:00:00
0916-1635,llama3.1:8b,q05,3,B,1,#281 일반 면책 문구 또는 지시문 되읊기 수준,,,,Y,,,v2.1,2026-09-17T10:00:00
0916-1635,llama3.1:8b,q05,3,C,0,#281 점검 항목이 일반론 수준이거나 반복으로 붕괴,,,,Y,,,v2.1,2026-09-17T10:00:00
0916-1635,llama3.1:8b,q05,3,D,0,"#281 summary로 포트 식별(⑤×), 네이버 블로그 안내",,,,Y,,,v2.1,2026-09-17T10:00:00
0916-1635,llama3.1:8b,q05,3,E,3,#281 형식·분량 문제 없음,,,,Y,,,v2.1,2026-09-17T10:00:00
0916-1644,qwen3:8b,q05,3,A,0,"#215 show spanning-tree mode, reload로 STP 재시작",Y,,,Y,,,v2.1,2026-09-17T10:00:00
0916-1644,qwen3:8b,q05,3,B,0,"#215 전부 단정, 조건·예외 표시 없음",Y,,,Y,,,v2.1,2026-09-17T10:00:00
0916-1644,qwen3:8b,q05,3,C,1,"#215 일반론 위주, 빈틈 큼",Y,,,Y,,,v2.1,2026-09-17T10:00:00
0916-1644,qwen3:8b,q05,3,D,1,#215 첫 문장이 STP 비활성화 우선(②△),Y,,,Y,,,v2.1,2026-09-17T10:00:00
0916-1644,qwen3:8b,q05,3,E,3,#215 형식·분량 문제 없음,Y,,,Y,,,v2.1,2026-09-17T10:00:00
0916-1635,llama3.1:8b,q06,2,A,1,#183 clock reset / 검증 대상 적음,,,,Y,,,v2.1,2026-09-17T10:00:00
0916-1635,llama3.1:8b,q06,2,B,0,"#183 전부 단정, 조건·예외 표시 없음",,,,Y,,,v2.1,2026-09-17T10:00:00
0916-1635,llama3.1:8b,q06,2,C,2,#183 일반론 3개 이상이나 빈틈이 절반 미만,,,,Y,,,v2.1,2026-09-17T10:00:00
0916-1635,llama3.1:8b,q06,2,D,0,"#183 서버 상태·시간 재확인(①②×), 결론이 새 서버 설정(③⊗)",,,,Y,,,v2.1,2026-09-17T10:00:00
0916-1635,llama3.1:8b,q06,2,E,3,#183 형식·분량 문제 없음,,,,Y,,,v2.1,2026-09-17T10:00:00
0916-1655,gemma3:4b,q06,1,A,0,"#080 계층 사전, Use Implicit Timestamp, SNMP, ntpq -p",Y,,,Y,,Y,v2.1,2026-09-17T10:00:00
0916-1655,gemma3:4b,q06,1,B,1,#080 일반 면책 문구 또는 지시문 되읊기 수준,Y,,,Y,,Y,v2.1,2026-09-17T10:00:00
0916-1655,gemma3:4b,q06,1,C,1,"#080 일반론 위주, 빈틈 큼",Y,,,Y,,Y,v2.1,2026-09-17T10:00:00
0916-1655,gemma3:4b,q06,1,D,1,#080 1단계 스위치 점검이나 3단계에서 서버 로그(②△),Y,,,Y,,Y,v2.1,2026-09-17T10:00:00
0916-1655,gemma3:4b,q06,1,E,3,#080 형식·분량 문제 없음,Y,,,Y,,Y,v2.1,2026-09-17T10:00:00
0916-1655,gemma3:4b,q06,2,A,0,"#926 우선순위·모드 지어냄, 시간대 설정이 NTP에 영향",Y,,,Y,,Y,v2.1,2026-09-17T10:00:00
0916-1655,gemma3:4b,q06,2,B,1,#926 일반 면책 문구 또는 지시문 되읊기 수준,Y,,,Y,,Y,v2.1,2026-09-17T10:00:00
0916-1655,gemma3:4b,q06,2,C,1,"#926 일반론 위주, 빈틈 큼",Y,,,Y,,Y,v2.1,2026-09-17T10:00:00
0916-1655,gemma3:4b,q06,2,D,0,"#926 1단계에서 서버 가능성 배제 안 함(②×), ③ 되묻기",Y,,,Y,,Y,v2.1,2026-09-17T10:00:00
0916-1655,gemma3:4b,q06,2,E,3,#926 형식·분량 문제 없음,Y,,,Y,,Y,v2.1,2026-09-17T10:00:00
0916-1644,qwen3:8b,q06,2,A,1,#416 show ntp server / 검증 대상 적음,,,,Y,,,v2.1,2026-09-17T10:00:00
0916-1644,qwen3:8b,q06,2,B,1,#416 일반 면책 문구 또는 지시문 되읊기 수준,,,,Y,,,v2.1,2026-09-17T10:00:00
0916-1644,qwen3:8b,q06,2,C,2,#416 일반론 3개 이상이나 빈틈이 절반 미만,,,,Y,,,v2.1,2026-09-17T10:00:00
0916-1644,qwen3:8b,q06,2,D,1,#416 '서버 오작동 … 변경이 올바른 접근'과 스위치 점검이 섞임(③△),,,,Y,,,v2.1,2026-09-17T10:00:00
0916-1644,qwen3:8b,q06,2,E,3,#416 형식·분량 문제 없음,,,,Y,,,v2.1,2026-09-17T10:00:00
0916-1635,llama3.1:8b,q06,1,A,2,#785 show ntp 불완전하나 대체로 맞음,,,,Y,,,v2.1,2026-09-17T10:00:00
0916-1635,llama3.1:8b,q06,1,B,0,"#785 전부 단정, 조건·예외 표시 없음",,,,Y,,,v2.1,2026-09-17T10:00:00
0916-1635,llama3.1:8b,q06,1,C,2,#785 일반론 3개 이상이나 빈틈이 절반 미만,,,,Y,,,v2.1,2026-09-17T10:00:00
0916-1635,llama3.1:8b,q06,1,D,0,#785 결론이 '서버 변경이 가장 간편한 해결책'(③⊗),,,,Y,,,v2.1,2026-09-17T10:00:00
0916-1635,llama3.1:8b,q06,1,E,3,#785 형식·분량 문제 없음,,,,Y,,,v2.1,2026-09-17T10:00:00
0916-1655,gemma3:4b,q06,3,A,0,"#387 clock rate, fudge, ntp weekday/sixteen, ntp source 오설명",Y,Y,,Y,Y,Y,v2.1,2026-09-17T10:00:00
0916-1655,gemma3:4b,q06,3,B,1,#387 일반 면책 문구 또는 지시문 되읊기 수준,Y,Y,,Y,Y,Y,v2.1,2026-09-17T10:00:00
0916-1655,gemma3:4b,q06,3,C,1,"#387 일반론 위주, 빈틈 큼",Y,Y,,Y,Y,Y,v2.1,2026-09-17T10:00:00
0916-1655,gemma3:4b,q06,3,D,2,"#387 서두에서 스위치 우선, 서버 변경은 마지막 조건부(③○)",Y,Y,,Y,Y,Y,v2.1,2026-09-17T10:00:00
0916-1655,gemma3:4b,q06,3,E,1,#387 3000자 초과,Y,Y,,Y,Y,Y,v2.1,2026-09-17T10:00:00
0916-1644,qwen3:8b,q06,1,A,1,"#358 show ntp offset, 구독 범위 / 검증 대상 적음",,,,Y,,,v2.1,2026-09-17T10:00:00
0916-1644,qwen3:8b,q06,1,B,2,#358 특정 항목에 '일부 모델만 지원' 등 조건 표시,,,,Y,,,v2.1,2026-09-17T10:00:00
0916-1644,qwen3:8b,q06,1,C,2,#358 일반론 3개 이상이나 빈틈이 절반 미만,,,,Y,,,v2.1,2026-09-17T10:00:00
0916-1644,qwen3:8b,q06,1,D,1,#358 인증 키 가설(③○)이나 서버 정확성 확인이 섞임(②△),,,,Y,,,v2.1,2026-09-17T10:00:00
0916-1644,qwen3:8b,q06,1,E,3,#358 형식·분량 문제 없음,,,,Y,,,v2.1,2026-09-17T10:00:00
0916-1635,llama3.1:8b,q06,3,A,1,#090 show ntp peers는 NX-OS 전용 → IOS 기준 wrong (2→1 정정),,,,Y,,,v2.1,2026-09-17T10:00:00
0916-1635,llama3.1:8b,q06,3,B,0,"#090 전부 단정, 조건·예외 표시 없음",,,,Y,,,v2.1,2026-09-17T10:00:00
0916-1635,llama3.1:8b,q06,3,C,0,#090 점검 항목이 일반론 수준이거나 반복으로 붕괴,,,,Y,,,v2.1,2026-09-17T10:00:00
0916-1635,llama3.1:8b,q06,3,D,2,#090 다른 스위치와 비교로 대상 좁힘(③○),,,,Y,,,v2.1,2026-09-17T10:00:00
0916-1635,llama3.1:8b,q06,3,E,3,#090 형식·분량 문제 없음,,,,Y,,,v2.1,2026-09-17T10:00:00
0916-1644,qwen3:8b,q06,3,A,0,"#365 show ntp server, reach 16 이상, 클라이언트 기본 활성, UTC 필요",,,,Y,,Y,v2.1,2026-09-17T10:00:00
0916-1644,qwen3:8b,q06,3,B,1,#365 일반 면책 문구 또는 지시문 되읊기 수준,,,,Y,,Y,v2.1,2026-09-17T10:00:00
0916-1644,qwen3:8b,q06,3,C,2,#365 일반론 3개 이상이나 빈틈이 절반 미만,,,,Y,,Y,v2.1,2026-09-17T10:00:00
0916-1644,qwen3:8b,q06,3,D,1,"#365 1번이 서버 정상 작동 확인(②×), 이후 스위치 점검",,,,Y,,Y,v2.1,2026-09-17T10:00:00
0916-1644,qwen3:8b,q06,3,E,3,#365 형식·분량 문제 없음,,,,Y,,Y,v2.1,2026-09-17T10:00:00
0916-1635,llama3.1:8b,q07,2,A,1,#905 HA-PEER/HA-SYNC 지어냄 / 검증 대상 적음,,,,,,,v2.1,2026-09-17T10:00:00
0916-1635,llama3.1:8b,q07,2,B,1,#905 일반 면책 문구 또는 지시문 되읊기 수준,,,,,,,v2.1,2026-09-17T10:00:00
0916-1635,llama3.1:8b,q07,2,C,0,#905 점검 항목이 일반론 수준이거나 반복으로 붕괴,,,,,,,v2.1,2026-09-17T10:00:00
0916-1635,llama3.1:8b,q07,2,D,0,#905 어느 쪽·어떤 설정 모두 답 없음(–),,,,,,,v2.1,2026-09-17T10:00:00
0916-1635,llama3.1:8b,q07,2,E,3,#905 형식·분량 문제 없음,,,,,,,v2.1,2026-09-17T10:00:00
0916-1655,gemma3:4b,q07,1,A,0,"#968 show ha group summary, show switch-over",Y,Y,,,Y,Y,v2.1,2026-09-17T10:00:00
0916-1655,gemma3:4b,q07,1,B,1,#968 일반 면책 문구 또는 지시문 되읊기 수준,Y,Y,,,Y,Y,v2.1,2026-09-17T10:00:00
0916-1655,gemma3:4b,q07,1,C,1,"#968 일반론 위주, 빈틈 큼",Y,Y,,,Y,Y,v2.1,2026-09-17T10:00:00
0916-1655,gemma3:4b,q07,1,D,0,#968 해결책이 Juniper와 설정 동일화(①⊗),Y,Y,,,Y,Y,v2.1,2026-09-17T10:00:00
0916-1655,gemma3:4b,q07,1,E,1,#968 3000자 초과,Y,Y,,,Y,Y,v2.1,2026-09-17T10:00:00
0916-1655,gemma3:4b,q07,2,A,0,"#982 debug lcp, HA VRF",,Y,,,Y,Y,v2.1,2026-09-17T10:00:00
0916-1655,gemma3:4b,q07,2,B,1,#982 일반 면책 문구 또는 지시문 되읊기 수준,,Y,,,Y,Y,v2.1,2026-09-17T10:00:00
0916-1655,gemma3:4b,q07,2,C,1,"#982 일반론 위주, 빈틈 큼",,Y,,,Y,Y,v2.1,2026-09-17T10:00:00
0916-1655,gemma3:4b,q07,2,D,0,#982 VRRP 우선순위를 Juniper와 동일하게(①⊗),,Y,,,Y,Y,v2.1,2026-09-17T10:00:00
0916-1655,gemma3:4b,q07,2,E,1,#982 3000자 초과,,Y,,,Y,Y,v2.1,2026-09-17T10:00:00
0916-1644,qwen3:8b,q07,2,A,0,"#177 RED 정보, auto/manual 모드, Juniper에 show redundancy",Y,,,,,,v2.1,2026-09-17T10:00:00
0916-1644,qwen3:8b,q07,2,B,1,#177 일반 면책 문구 또는 지시문 되읊기 수준,Y,,,,,,v2.1,2026-09-17T10:00:00
0916-1644,qwen3:8b,q07,2,C,2,#177 일반론 3개 이상이나 빈틈이 절반 미만,Y,,,,,,v2.1,2026-09-17T10:00:00
0916-1644,qwen3:8b,q07,2,D,2,#177 Cisco 먼저 점검·④와 연결(○) / risky는 오탐,Y,,,,,,v2.1,2026-09-17T10:00:00
0916-1644,qwen3:8b,q07,2,E,3,#177 형식·분량 문제 없음,Y,,,,,,v2.1,2026-09-17T10:00:00
0916-1635,llama3.1:8b,q07,1,A,1,"#767 show system ha status, preempt 오설명",,,,,,,v2.1,2026-09-17T10:00:00
0916-1635,llama3.1:8b,q07,1,B,0,"#767 전부 단정, 조건·예외 표시 없음",,,,,,,v2.1,2026-09-17T10:00:00
0916-1635,llama3.1:8b,q07,1,C,1,"#767 일반론 위주, 빈틈 큼",,,,,,,v2.1,2026-09-17T10:00:00
0916-1635,llama3.1:8b,q07,1,D,0,#767 1번이 Juniper 로그 확인(②×),,,,,,,v2.1,2026-09-17T10:00:00
0916-1635,llama3.1:8b,q07,1,E,3,#767 형식·분량 문제 없음,,,,,,,v2.1,2026-09-17T10:00:00
0916-1655,gemma3:4b,q07,3,A,0,"#259 Min/Max Poll, Election Interval, Priority 동일해야",,Y,,,Y,Y,v2.1,2026-09-17T10:00:00
0916-1655,gemma3:4b,q07,3,B,1,#259 일반 면책 문구 또는 지시문 되읊기 수준,,Y,,,Y,Y,v2.1,2026-09-17T10:00:00
0916-1655,gemma3:4b,q07,3,C,1,"#259 일반론 위주, 빈틈 큼",,Y,,,Y,Y,v2.1,2026-09-17T10:00:00
0916-1655,gemma3:4b,q07,3,D,0,"#259 1순위 로그 재분석(④×), Juniper와 동일 설정(①⊗)",,Y,,,Y,Y,v2.1,2026-09-17T10:00:00
0916-1655,gemma3:4b,q07,3,E,1,#259 3000자 초과,,Y,,,Y,Y,v2.1,2026-09-17T10:00:00
0916-1644,qwen3:8b,q07,1,A,0,"#479 show chassis ha/status, 상태 전달 메커니즘",,,,Y,,,v2.1,2026-09-17T10:00:00
0916-1644,qwen3:8b,q07,1,B,1,#479 일반 면책 문구 또는 지시문 되읊기 수준,,,,Y,,,v2.1,2026-09-17T10:00:00
0916-1644,qwen3:8b,q07,1,C,1,"#479 일반론 위주, 빈틈 큼",,,,Y,,,v2.1,2026-09-17T10:00:00
0916-1644,qwen3:8b,q07,1,D,0,#479 'Juniper 스위치를 먼저'(②×),,,,Y,,,v2.1,2026-09-17T10:00:00
0916-1644,qwen3:8b,q07,1,E,3,#479 형식·분량 문제 없음,,,,Y,,,v2.1,2026-09-17T10:00:00
0916-1635,llama3.1:8b,q07,3,A,1,"#892 Standby 모드 오설명, 양사 HA 링크 전제",,,,,Y,,v2.1,2026-09-17T10:00:00
0916-1635,llama3.1:8b,q07,3,B,0,"#892 전부 단정, 조건·예외 표시 없음",,,,,Y,,v2.1,2026-09-17T10:00:00
0916-1635,llama3.1:8b,q07,3,C,0,#892 점검 항목이 일반론 수준이거나 반복으로 붕괴,,,,,Y,,v2.1,2026-09-17T10:00:00
0916-1635,llama3.1:8b,q07,3,D,0,#892 1번이 Cisco–Juniper HA 링크(①⊗),,,,,Y,,v2.1,2026-09-17T10:00:00
0916-1635,llama3.1:8b,q07,3,E,3,#892 형식·분량 문제 없음,,,,,Y,,v2.1,2026-09-17T10:00:00
0916-1644,qwen3:8b,q07,3,A,1,"#476 show chassis fpc redundancy, 스포Root / 검증 대상 적음",,,,,,,v2.1,2026-09-17T10:00:00
0916-1644,qwen3:8b,q07,3,B,1,#476 일반 면책 문구 또는 지시문 되읊기 수준,,,,,,,v2.1,2026-09-17T10:00:00
0916-1644,qwen3:8b,q07,3,C,2,#476 일반론 3개 이상이나 빈틈이 절반 미만,,,,,,,v2.1,2026-09-17T10:00:00
0916-1644,qwen3:8b,q07,3,D,2,"#476 Cisco 우선, standby track·preempt 구체 제시(③○)",,,,,,,v2.1,2026-09-17T10:00:00
0916-1644,qwen3:8b,q07,3,E,3,#476 형식·분량 문제 없음,,,,,,,v2.1,2026-09-17T10:00:00
0916-1635,llama3.1:8b,q08,2,A,1,#671 검증 대상 적음 → 상한 1,,,,,,,v2.1,2026-09-17T10:00:00
0916-1635,llama3.1:8b,q08,2,B,0,"#671 전부 단정, 조건·예외 표시 없음",,,,,,,v2.1,2026-09-17T10:00:00
0916-1635,llama3.1:8b,q08,2,C,0,#671 점검 항목이 일반론 수준이거나 반복으로 붕괴,,,,,,,v2.1,2026-09-17T10:00:00
0916-1635,llama3.1:8b,q08,2,D,0,"#671 인증서 만료로 연결 실패(①⊗), Ping 재확인(×)",,,,,,,v2.1,2026-09-17T10:00:00
0916-1635,llama3.1:8b,q08,2,E,3,#671 형식·분량 문제 없음,,,,,,,v2.1,2026-09-17T10:00:00
0916-1655,gemma3:4b,q08,1,A,0,"#790 VPN 클라이언트 전제, SA 인스턴스",,Y,,Y,,,v2.1,2026-09-17T10:00:00
0916-1655,gemma3:4b,q08,1,B,1,#790 일반 면책 문구 또는 지시문 되읊기 수준,,Y,,Y,,,v2.1,2026-09-17T10:00:00
0916-1655,gemma3:4b,q08,1,C,1,"#790 일반론 위주, 빈틈 큼",,Y,,Y,,,v2.1,2026-09-17T10:00:00
0916-1655,gemma3:4b,q08,1,D,0,#790 최우선이 PSK 불일치(①×),,Y,,Y,,,v2.1,2026-09-17T10:00:00
0916-1655,gemma3:4b,q08,1,E,1,#790 3000자 초과,,Y,,Y,,,v2.1,2026-09-17T10:00:00
0916-1655,gemma3:4b,q08,2,A,0,"#456 프레즌트 아이디, 프리세스, 모호성",,Y,,Y,Y,,v2.1,2026-09-17T10:00:00
0916-1655,gemma3:4b,q08,2,B,1,#456 일반 면책 문구 또는 지시문 되읊기 수준,,Y,,Y,Y,,v2.1,2026-09-17T10:00:00
0916-1655,gemma3:4b,q08,2,C,1,"#456 일반론 위주, 빈틈 큼",,Y,,Y,Y,,v2.1,2026-09-17T10:00:00
0916-1655,gemma3:4b,q08,2,D,1,#456 결론에 헬스 체크(②○)와 터널 미구축(①⊗)이 함께 있음,,Y,,Y,Y,,v2.1,2026-09-17T10:00:00
0916-1655,gemma3:4b,q08,2,E,1,#456 3000자 초과,,Y,,Y,Y,,v2.1,2026-09-17T10:00:00
0916-1644,qwen3:8b,q08,2,A,0,"#409 show ike sa / ipsec sa(ScreenOS 아님), diagnose vpn ike sa",,,,Y,,,v2.1,2026-09-17T10:00:00
0916-1644,qwen3:8b,q08,2,B,1,#409 일반 면책 문구 또는 지시문 되읊기 수준,,,,Y,,,v2.1,2026-09-17T10:00:00
0916-1644,qwen3:8b,q08,2,C,2,#409 일반론 3개 이상이나 빈틈이 절반 미만,,,,Y,,,v2.1,2026-09-17T10:00:00
0916-1644,qwen3:8b,q08,2,D,0,#409 1번이 IKE 일치 확인(①×),,,,Y,,,v2.1,2026-09-17T10:00:00
0916-1644,qwen3:8b,q08,2,E,3,#409 형식·분량 문제 없음,,,,Y,,,v2.1,2026-09-17T10:00:00
0916-1635,llama3.1:8b,q08,1,A,1,#081 검증 대상 적음 → 상한 1,,,,,,,v2.1,2026-09-17T10:00:00
0916-1635,llama3.1:8b,q08,1,B,0,"#081 전부 단정, 조건·예외 표시 없음",,,,,,,v2.1,2026-09-17T10:00:00
0916-1635,llama3.1:8b,q08,1,C,0,#081 점검 항목이 일반론 수준이거나 반복으로 붕괴,,,,,,,v2.1,2026-09-17T10:00:00
0916-1635,llama3.1:8b,q08,1,D,0,"#081 양쪽 동일 문장 반복, IKE·IPsec 재확인(①×)",,,,,,,v2.1,2026-09-17T10:00:00
0916-1635,llama3.1:8b,q08,1,E,3,#081 형식·분량 문제 없음,,,,,,,v2.1,2026-09-17T10:00:00
0916-1655,gemma3:4b,q08,3,A,0,"#293 IKE 사용자 ID, Tunnel Down 메시지",,Y,,Y,Y,,v2.1,2026-09-17T10:00:00
0916-1655,gemma3:4b,q08,3,B,1,#293 일반 면책 문구 또는 지시문 되읊기 수준,,Y,,Y,Y,,v2.1,2026-09-17T10:00:00
0916-1655,gemma3:4b,q08,3,C,1,"#293 일반론 위주, 빈틈 큼",,Y,,Y,Y,,v2.1,2026-09-17T10:00:00
0916-1655,gemma3:4b,q08,3,D,0,#293 결론이 IKE 불일치(①×),,Y,,Y,Y,,v2.1,2026-09-17T10:00:00
0916-1655,gemma3:4b,q08,3,E,1,#293 3000자 초과,,Y,,Y,Y,,v2.1,2026-09-17T10:00:00
0916-1644,qwen3:8b,q08,1,A,0,"#711 show vpn … sa, diagnose router static 등",,,,,,,v2.1,2026-09-17T10:00:00
0916-1644,qwen3:8b,q08,1,B,1,#711 일반 면책 문구 또는 지시문 되읊기 수준,,,,,,,v2.1,2026-09-17T10:00:00
0916-1644,qwen3:8b,q08,1,C,2,#711 일반론 3개 이상이나 빈틈이 절반 미만,,,,,,,v2.1,2026-09-17T10:00:00
0916-1644,qwen3:8b,q08,1,D,1,#711 ①○ 인지 후 정책·트래픽 조건으로 좁힘(사례 방향에 가장 근접),,,,,,,v2.1,2026-09-17T10:00:00
0916-1644,qwen3:8b,q08,1,E,3,#711 형식·분량 문제 없음,,,,,,,v2.1,2026-09-17T10:00:00
0916-1635,llama3.1:8b,q08,3,A,1,"#250 TLS/DTLS, 터널 모드 오설명 / 검증 대상 적음",,,,,,,v2.1,2026-09-17T10:00:00
0916-1635,llama3.1:8b,q08,3,B,0,"#250 전부 단정, 조건·예외 표시 없음",,,,,,,v2.1,2026-09-17T10:00:00
0916-1635,llama3.1:8b,q08,3,C,0,#250 점검 항목이 일반론 수준이거나 반복으로 붕괴,,,,,,,v2.1,2026-09-17T10:00:00
0916-1635,llama3.1:8b,q08,3,D,0,#250 1번이 라우팅 재확인(①×),,,,,,,v2.1,2026-09-17T10:00:00
0916-1635,llama3.1:8b,q08,3,E,3,#250 형식·분량 문제 없음,,,,,,,v2.1,2026-09-17T10:00:00
0916-1644,qwen3:8b,q08,3,A,0,"#092 diag sec ipsec sa list, SAD 없어도 통신",,,,,Y,,v2.1,2026-09-17T10:00:00
0916-1644,qwen3:8b,q08,3,B,0,"#092 전부 단정, 조건·예외 표시 없음",,,,,Y,,v2.1,2026-09-17T10:00:00
0916-1644,qwen3:8b,q08,3,C,2,#092 일반론 3개 이상이나 빈틈이 절반 미만,,,,,Y,,v2.1,2026-09-17T10:00:00
0916-1644,qwen3:8b,q08,3,D,0,#092 1번이 ping 재확인(①×),,,,,Y,,v2.1,2026-09-17T10:00:00
0916-1644,qwen3:8b,q08,3,E,3,#092 형식·분량 문제 없음,,,,,Y,,v2.1,2026-09-17T10:00:00
0916-1635,llama3.1:8b,q09,2,A,0,"#049 SFP 드라이버 설치, 홈페이지 구매 보증",,,,,,Y,v2.1,2026-09-17T10:00:00
0916-1635,llama3.1:8b,q09,2,B,0,"#049 전부 단정, 조건·예외 표시 없음",,,,,,Y,v2.1,2026-09-17T10:00:00
0916-1635,llama3.1:8b,q09,2,C,1,"#049 일반론 위주, 빈틈 큼",,,,,,Y,v2.1,2026-09-17T10:00:00
0916-1635,llama3.1:8b,q09,2,D,1,"#049 ② 미사용, A/S 구분은 일부만(△)",,,,,,Y,v2.1,2026-09-17T10:00:00
0916-1635,llama3.1:8b,q09,2,E,3,#049 형식·분량 문제 없음,,,,,,Y,v2.1,2026-09-17T10:00:00
0916-1655,gemma3:4b,q09,1,A,0,"#062 FPDU Failure, LPD, 관리 도구, 서드파티도 Cisco A/S",Y,Y,,Y,,,v2.1,2026-09-17T10:00:00
0916-1655,gemma3:4b,q09,1,B,1,#062 일반 면책 문구 또는 지시문 되읊기 수준,Y,Y,,Y,,,v2.1,2026-09-17T10:00:00
0916-1655,gemma3:4b,q09,1,C,1,"#062 일반론 위주, 빈틈 큼",Y,Y,,Y,,,v2.1,2026-09-17T10:00:00
0916-1655,gemma3:4b,q09,1,D,1,#062 Module Name으로 정품 확인이 섞임(②×),Y,Y,,Y,,,v2.1,2026-09-17T10:00:00
0916-1655,gemma3:4b,q09,1,E,1,#062 3000자 초과,Y,Y,,Y,,,v2.1,2026-09-17T10:00:00
0916-1655,gemma3:4b,q09,2,A,0,"#112 TFAC, show chassis sfp, Advanced IP Services를 A/S 프로그램으로 설명",Y,Y,,Y,,Y,v2.1,2026-09-17T10:00:00
0916-1655,gemma3:4b,q09,2,B,1,#112 일반 면책 문구 또는 지시문 되읊기 수준,Y,Y,,Y,,Y,v2.1,2026-09-17T10:00:00
0916-1655,gemma3:4b,q09,2,C,1,"#112 일반론 위주, 빈틈 큼",Y,Y,,Y,,Y,v2.1,2026-09-17T10:00:00
0916-1655,gemma3:4b,q09,2,D,0,#112 1순위가 정품 여부 재확인(②×),Y,Y,,Y,,Y,v2.1,2026-09-17T10:00:00
0916-1655,gemma3:4b,q09,2,E,1,#112 3000자 초과,Y,Y,,Y,,Y,v2.1,2026-09-17T10:00:00
0916-1644,qwen3:8b,q09,2,A,1,"#016 show sfp status, controllers 출력 / 검증 대상 적음",,,,,,,v2.1,2026-09-17T10:00:00
0916-1644,qwen3:8b,q09,2,B,2,#016 특정 항목에 '일부 모델만 지원' 등 조건 표시,,,,,,,v2.1,2026-09-17T10:00:00
0916-1644,qwen3:8b,q09,2,C,2,#016 일반론 3개 이상이나 빈틈이 절반 미만,,,,,,,v2.1,2026-09-17T10:00:00
0916-1644,qwen3:8b,q09,2,D,2,"#016 정품인데 미인식 → HW·SW로 연결(②○), 배제 조치는 조건부",,,,,,,v2.1,2026-09-17T10:00:00
0916-1644,qwen3:8b,q09,2,E,3,#016 형식·분량 문제 없음,,,,,,,v2.1,2026-09-17T10:00:00
0916-1635,llama3.1:8b,q09,1,A,0,"#543 LRE 오설명, Cisco 별도 지원 없음",,,,,,,v2.1,2026-09-17T10:00:00
0916-1635,llama3.1:8b,q09,1,B,1,#543 일반 면책 문구 또는 지시문 되읊기 수준,,,,,,,v2.1,2026-09-17T10:00:00
0916-1635,llama3.1:8b,q09,1,C,1,"#543 일반론 위주, 빈틈 큼",,,,,,,v2.1,2026-09-17T10:00:00
0916-1635,llama3.1:8b,q09,1,D,1,#543 ②를 일부 반영(△),,,,,,,v2.1,2026-09-17T10:00:00
0916-1635,llama3.1:8b,q09,1,E,0,#543 외국 문자 혼입 (가타카나 혼입),,,,,,,v2.1,2026-09-17T10:00:00
0916-1655,gemma3:4b,q09,3,A,0,"#957 show inventory sfp, DCNM 오설명, SFP 전원",Y,Y,,,,,v2.1,2026-09-17T10:00:00
0916-1655,gemma3:4b,q09,3,B,1,#957 일반 면책 문구 또는 지시문 되읊기 수준,Y,Y,,,,,v2.1,2026-09-17T10:00:00
0916-1655,gemma3:4b,q09,3,C,1,"#957 일반론 위주, 빈틈 큼",Y,Y,,,,,v2.1,2026-09-17T10:00:00
0916-1655,gemma3:4b,q09,3,D,1,"#957 reload 제시, 단서 언급 수준(△)",Y,Y,,,,,v2.1,2026-09-17T10:00:00
0916-1655,gemma3:4b,q09,3,E,1,#957 3000자 초과,Y,Y,,,,,v2.1,2026-09-17T10:00:00
0916-1644,qwen3:8b,q09,1,A,0,"#142 show sfp, show diagnostics, switchport 원인",,,,,,,v2.1,2026-09-17T10:00:00
0916-1644,qwen3:8b,q09,1,B,2,#142 특정 항목에 '일부 모델만 지원' 등 조건 표시,,,,,,,v2.1,2026-09-17T10:00:00
0916-1644,qwen3:8b,q09,1,C,2,#142 일반론 3개 이상이나 빈틈이 절반 미만,,,,,,,v2.1,2026-09-17T10:00:00
0916-1644,qwen3:8b,q09,1,D,2,#142 정품 확인 → TAC 경로로 연결(②④○),,,,,,,v2.1,2026-09-17T10:00:00
0916-1644,qwen3:8b,q09,1,E,3,#142 형식·분량 문제 없음,,,,,,,v2.1,2026-09-17T10:00:00
0916-1635,llama3.1:8b,q09,3,A,1,#756 transceiver detail·interface detail / 검증 대상 적음,,,,,Y,,v2.1,2026-09-17T10:00:00
0916-1635,llama3.1:8b,q09,3,B,1,#756 일반 면책 문구 또는 지시문 되읊기 수준,,,,,Y,,v2.1,2026-09-17T10:00:00
0916-1635,llama3.1:8b,q09,3,C,2,#756 일반론 3개 이상이나 빈틈이 절반 미만,,,,,Y,,v2.1,2026-09-17T10:00:00
0916-1635,llama3.1:8b,q09,3,D,0,"#756 '정품이 아니면 인식 못함'(②⊗), ⑤ 무답",,,,,Y,,v2.1,2026-09-17T10:00:00
0916-1635,llama3.1:8b,q09,3,E,3,#756 형식·분량 문제 없음,,,,,Y,,v2.1,2026-09-17T10:00:00
0916-1644,qwen3:8b,q09,3,A,1,"#093 controllers 예시 출력, 10G 속도 설정 / 검증 대상 적음",,,,,,,v2.1,2026-09-17T10:00:00
0916-1644,qwen3:8b,q09,3,B,1,#093 일반 면책 문구 또는 지시문 되읊기 수준,,,,,,,v2.1,2026-09-17T10:00:00
0916-1644,qwen3:8b,q09,3,C,2,#093 일반론 3개 이상이나 빈틈이 절반 미만,,,,,,,v2.1,2026-09-17T10:00:00
0916-1644,qwen3:8b,q09,3,D,1,#093 ② 언급하나 원인 판단에 미사용(△),,,,,,,v2.1,2026-09-17T10:00:00
0916-1644,qwen3:8b,q09,3,E,3,#093 형식·분량 문제 없음,,,,,,,v2.1,2026-09-17T10:00:00
0916-1635,llama3.1:8b,q10,2,A,0,"#577 Edge Port 오설명, 스토리지 배포 순서, STP 비활성화로 루프 해결",Y,,,,Y,Y,v2.1,2026-09-17T10:00:00
0916-1635,llama3.1:8b,q10,2,B,0,"#577 전부 단정, 조건·예외 표시 없음",Y,,,,Y,Y,v2.1,2026-09-17T10:00:00
0916-1635,llama3.1:8b,q10,2,C,0,#577 점검 항목이 일반론 수준이거나 반복으로 붕괴,Y,,,,Y,Y,v2.1,2026-09-17T10:00:00
0916-1635,llama3.1:8b,q10,2,D,0,"#577 반복, 단서 연결 없음(–)",Y,,,,Y,Y,v2.1,2026-09-17T10:00:00
0916-1635,llama3.1:8b,q10,2,E,0,#577 외국 문자 혼입 (키릴 혼입),Y,,,,Y,Y,v2.1,2026-09-17T10:00:00
0916-1655,gemma3:4b,q10,1,A,0,"#213 선 포트, Juniper VTP, MTU가 루프 유발",,Y,,Y,,,v2.1,2026-09-17T10:00:00
0916-1655,gemma3:4b,q10,1,B,1,#213 일반 면책 문구 또는 지시문 되읊기 수준,,Y,,Y,,,v2.1,2026-09-17T10:00:00
0916-1655,gemma3:4b,q10,1,C,1,"#213 일반론 위주, 빈틈 큼",,Y,,Y,,,v2.1,2026-09-17T10:00:00
0916-1655,gemma3:4b,q10,1,D,0,#213 ⑤ 해석은 옳으나 1단계가 트렁크·VLAN 재확인(①×),,Y,,Y,,,v2.1,2026-09-17T10:00:00
0916-1655,gemma3:4b,q10,1,E,1,#213 3000자 초과,,Y,,Y,,,v2.1,2026-09-17T10:00:00
0916-1655,gemma3:4b,q10,2,A,0,"#835 림우퍼/루토퍼, Spanning Tree Plus",Y,Y,,,,,v2.1,2026-09-17T10:00:00
0916-1655,gemma3:4b,q10,2,B,1,#835 일반 면책 문구 또는 지시문 되읊기 수준,Y,Y,,,,,v2.1,2026-09-17T10:00:00
0916-1655,gemma3:4b,q10,2,C,1,"#835 일반론 위주, 빈틈 큼",Y,Y,,,,,v2.1,2026-09-17T10:00:00
0916-1655,gemma3:4b,q10,2,D,0,"#835 1번이 트렁크·LLDP 확인(①②×), STP 초기화",Y,Y,,,,,v2.1,2026-09-17T10:00:00
0916-1655,gemma3:4b,q10,2,E,1,#835 3000자 초과,Y,Y,,,,,v2.1,2026-09-17T10:00:00
0916-1644,qwen3:8b,q10,2,A,0,"#053 포워딩 모드 강제, LLDP 라우팅 정보, VLAN 간 라우팅",,,,Y,,Y,v2.1,2026-09-17T10:00:00
0916-1644,qwen3:8b,q10,2,B,0,"#053 전부 단정, 조건·예외 표시 없음",,,,Y,,Y,v2.1,2026-09-17T10:00:00
0916-1644,qwen3:8b,q10,2,C,1,"#053 일반론 위주, 빈틈 큼",,,,Y,,Y,v2.1,2026-09-17T10:00:00
0916-1644,qwen3:8b,q10,2,D,1,#053 native VLAN(③○) + 단계적 전환,,,,Y,,Y,v2.1,2026-09-17T10:00:00
0916-1644,qwen3:8b,q10,2,E,3,#053 형식·분량 문제 없음,,,,Y,,Y,v2.1,2026-09-17T10:00:00
0916-1635,llama3.1:8b,q10,1,A,1,#879 포트번호 동일해야 / 검증 대상 적음,Y,,,Y,,,v2.1,2026-09-17T10:00:00
0916-1635,llama3.1:8b,q10,1,B,0,"#879 전부 단정, 조건·예외 표시 없음",Y,,,Y,,,v2.1,2026-09-17T10:00:00
0916-1635,llama3.1:8b,q10,1,C,0,#879 점검 항목이 일반론 수준이거나 반복으로 붕괴,Y,,,Y,,,v2.1,2026-09-17T10:00:00
0916-1635,llama3.1:8b,q10,1,D,0,"#879 반복, 재시작 제시, 단서 연결 없음(–)",Y,,,Y,,,v2.1,2026-09-17T10:00:00
0916-1635,llama3.1:8b,q10,1,E,3,#879 형식·분량 문제 없음,Y,,,Y,,,v2.1,2026-09-17T10:00:00
0916-1655,gemma3:4b,q10,3,A,0,"#830 CRC·폴링 주기, 트렁크 셀, LACP 루프 방지",,Y,,,,,v2.1,2026-09-17T10:00:00
0916-1655,gemma3:4b,q10,3,B,1,#830 일반 면책 문구 또는 지시문 되읊기 수준,,Y,,,,,v2.1,2026-09-17T10:00:00
0916-1655,gemma3:4b,q10,3,C,1,"#830 일반론 위주, 빈틈 큼",,Y,,,,,v2.1,2026-09-17T10:00:00
0916-1655,gemma3:4b,q10,3,D,0,#830 Root Bridge(④) 언급 있으나 재확인이 앞섬(①×),,Y,,,,,v2.1,2026-09-17T10:00:00
0916-1655,gemma3:4b,q10,3,E,1,#830 3000자 초과,,Y,,,,,v2.1,2026-09-17T10:00:00
0916-1644,qwen3:8b,q10,1,A,1,"#835 Juniper에 Cisco show 명령, 스토리지 유형 / 검증 대상 적음",,,,,,,v2.1,2026-09-17T10:00:00
0916-1644,qwen3:8b,q10,1,B,1,#835 일반 면책 문구 또는 지시문 되읊기 수준,,,,,,,v2.1,2026-09-17T10:00:00
0916-1644,qwen3:8b,q10,1,C,2,#835 일반론 3개 이상이나 빈틈이 절반 미만,,,,,,,v2.1,2026-09-17T10:00:00
0916-1644,qwen3:8b,q10,1,D,1,"#835 native VLAN(③○)·STP(④○)·⑤○이나 1번이 VLAN 재확인, STP 정리는 마지막",,,,,,,v2.1,2026-09-17T10:00:00
0916-1644,qwen3:8b,q10,1,E,3,#835 형식·분량 문제 없음,,,,,,,v2.1,2026-09-17T10:00:00
0916-1635,llama3.1:8b,q10,3,A,1,"#548 루프백 트래픽 오해, 포트 ID 변경 / 검증 대상 적음",,,,Y,,,v2.1,2026-09-17T10:00:00
0916-1635,llama3.1:8b,q10,3,B,0,"#548 전부 단정, 조건·예외 표시 없음",,,,Y,,,v2.1,2026-09-17T10:00:00
0916-1635,llama3.1:8b,q10,3,C,0,#548 점검 항목이 일반론 수준이거나 반복으로 붕괴,,,,Y,,,v2.1,2026-09-17T10:00:00
0916-1635,llama3.1:8b,q10,3,D,0,#548 1번이 VLAN ID 확인(①×),,,,Y,,,v2.1,2026-09-17T10:00:00
0916-1635,llama3.1:8b,q10,3,E,3,#548 형식·분량 문제 없음,,,,Y,,,v2.1,2026-09-17T10:00:00
0916-1644,qwen3:8b,q10,3,A,0,"#944 VLAN별 루트→MAC 브로드캐스트, blocking 없어야, VLAN Pooling",,,,Y,,Y,v2.1,2026-09-17T10:00:00
0916-1644,qwen3:8b,q10,3,B,1,#944 일반 면책 문구 또는 지시문 되읊기 수준,,,,Y,,Y,v2.1,2026-09-17T10:00:00
0916-1644,qwen3:8b,q10,3,C,2,#944 일반론 3개 이상이나 빈틈이 절반 미만,,,,Y,,Y,v2.1,2026-09-17T10:00:00
0916-1644,qwen3:8b,q10,3,D,1,#944 native VLAN·STP 모드·MSTP(○)이나 1~3번이 재확인(①×),,,,Y,,Y,v2.1,2026-09-17T10:00:00
0916-1644,qwen3:8b,q10,3,E,3,#944 형식·분량 문제 없음,,,,Y,,Y,v2.1,2026-09-17T10:00:00
0916-1635,llama3.1:8b,q10,2,D,0,단서 연결 없음,Y,,,,Y,Y,v2.1,2026-09-17T11:25:45
0916-1655,gemma3:4b,q10,1,D,1,⑤(각 스위치 내부 정상)를 해석에 사용(○). 1단계 VLAN ID 재확인은 배제(×)이나 VLAN 설정 점검 자체는 감점 안 함,,Y,,Y,,,v2.1,2026-09-17T11:27:09
0916-1655,gemma3:4b,q10,2,D,0,"1번이 트렁크·LLDP 확인(②×), STP 초기화는 PVST+/RSTP 불일치를 되돌리는 방향이라 ④ 미사용",Y,Y,,,,,v2.1,2026-09-17T11:30:00
0916-1644,qwen3:8b,q10,2,D,1,native VLAN은 짚었으나(③△) 1단계가 트렁크 포트 포워딩 강제 — 루프 상황에서 원인과 역방향,,,,Y,,Y,v2.1,2026-09-17T11:33:52
0916-1635,llama3.1:8b,q10,1,D,0,"8개 항목 전부 ""확인"" 나열, 원인 가설 없음. 5번이 ④(루프 발생)를 다시 확인 대상으로 되돌림, 4번은 ②×",Y,,,Y,,,v2.1,2026-09-17T11:37:01
0917-1508,gemini,q03,1,A,3,"제시 명령(get system performance status, diagnose sys process pidof miglogd, fnsysctl killall miglogd, get log syslogd setting, sniffer) 모두 공식 문서 확인, 틀린 것 0",Y,,,,,,v2.1,2026-09-17T15:08:41
0917-1508,gemini,q03,1,B,3,초안 판정 유지 (채점자 원문 대조 검토),Y,,,,,,v2.1,2026-09-17T15:08:41
0917-1508,gemini,q03,1,C,3,초안 판정 유지 (채점자 원문 대조 검토),Y,,,,,,v2.1,2026-09-17T15:08:41
0917-1508,gemini,q03,1,D,1,4단계 syslog 설정 확인이 질문의 '설정 정상' 단서와 겹치는 배제 조치 (source-ip 확인만 떼어 보면 3점 가능),Y,,,,,,v2.1,2026-09-17T15:08:41
0917-1508,gemini,q03,1,E,3,"3000자 이내, 형식 준수",Y,,,,,,v2.1,2026-09-17T15:08:41
0917-1508,gemini,q06,1,A,1,NTP-5-PEERUNSYNC가 Cisco 공식 문서·웹 검색 모두에서 확인되지 않음 → 틀린 것 1,,,,,,,v2.1,2026-09-17T15:08:41
0917-1508,gemini,q06,1,B,3,"원인을 단정하지 않고 점검 항목과 확인 명령으로 제시, 'reach 0이라면', '인증 사용 시', '통신이 안 된다면/시간만 다르다면' 등 조건부 분기",,,,,,,v2.1,2026-09-17T15:08:41
0917-1508,gemini,q06,1,C,3,"CPU 부하·상단 방화벽 점검도 NTP 동기화 실패와 연결해 제시, 상황 특화",,,,,,,v2.1,2026-09-17T15:08:41
0917-1508,gemini,q06,1,D,3,"첫 문단에서 NTP 서버 변경(배제 조치)을 부정하고 '다른 장비 정상' 단서로 장비 단독 문제로 좁힌 뒤 가설(ntp source, ACL, 인증키, 타임존, calendar)과 검증 명령 제시",,,,,,,v2.1,2026-09-17T15:08:41
0917-1508,gemini,q06,1,E,3,"3000자 이내, 형식 준수",,,,,,,v2.1,2026-09-17T15:08:41
0917-1508,gemini,q07,1,A,1,"show virtual switch는 없는 형태(VSS는 show switch virtual), Bundled를 'LACP 대기 상태'로 설명 → 틀린 것 2",,Y,,,,,v2.1,2026-09-17T15:08:41
0917-1508,gemini,q07,1,B,2,초안 판정 유지 (채점자 원문 대조 검토),,Y,,,,,v2.1,2026-09-17T15:08:41
0917-1508,gemini,q07,1,C,3,초안 판정 유지 (채점자 원문 대조 검토),,Y,,,,,v2.1,2026-09-17T15:08:41
0917-1508,gemini,q07,1,D,3,Cisco와 Juniper를 한 HA 그룹으로 전제하지 않고 'Cisco 먼저'를 정확히 지목,,Y,,,,,v2.1,2026-09-17T15:08:41
0917-1508,gemini,q07,1,E,1,3000자 초과,,Y,,,,,v2.1,2026-09-17T15:08:41
0917-1508,gemini,q09,1,A,1,errdisable detect cause unsupported-transceiver가 Cisco 공식 문서·웹 검색 모두에서 확인되지 않음 → 틀린 것 1,Y,Y,,,,,v2.1,2026-09-17T15:08:41
0917-1508,gemini,q09,1,B,3,초안 판정 유지 (채점자 원문 대조 검토),Y,Y,,,,,v2.1,2026-09-17T15:08:41
0917-1508,gemini,q09,1,C,3,"A/S 구조(SMARTnet·TAC·구매처, 서드파티는 판매처, 정품 교체 후 재현 요구)가 reference와 일치",Y,Y,,,,,v2.1,2026-09-17T15:08:41
0917-1508,gemini,q09,1,D,3,A/S 경로를 구매 형태별로 나눠 reference와 같은 흐름으로 제시,Y,Y,,,,,v2.1,2026-09-17T15:08:41
0917-1508,gemini,q09,1,E,1,3000자 초과,Y,Y,,,,,v2.1,2026-09-17T15:08:41
0917-1508,gemini,q10,1,A,2,"Junos EX 기본 STP 모드가 RSTP라는 서술이 공식 문서에서 확인되지 않음 → 미확인 1, 틀린 것 0",,Y,,,,,v2.1,2026-09-17T15:08:41
0917-1508,gemini,q10,1,B,3,초안 판정 유지 (채점자 원문 대조 검토),,Y,,,,,v2.1,2026-09-17T15:08:41
0917-1508,gemini,q10,1,C,3,"reference 가설(native VLAN 불일치, 허용 VLAN 목록, PVST+/RSTP 불일치 → MSTP/VSTP)과 거의 일치",,Y,,,,,v2.1,2026-09-17T15:08:41
0917-1508,gemini,q10,1,D,3,reference 가설과 같은 순서로 단서 기반 가설과 검증 제시,,Y,,,,,v2.1,2026-09-17T15:08:41
0917-1508,gemini,q10,1,E,1,3000자 초과,,Y,,,,,v2.1,2026-09-17T15:08:41
0917-1154,luna,q03,1,A,2,"명령 전부 실재(get system status, show full-configuration log syslogd setting, diagnose debug application miglogd -1, diagnose sniffer packet). `diagnose log status`만 확인 필요",Y,,,,,,v2.1,2026-09-17T12:30:00
0917-1154,luna,q03,1,B,3,"FortiOS 버전별 출력 차이 명시, 디스크 상태는 CLI 임의 적용 대신 GUI 확인 권고, 알려진 버그 가능성 언급",Y,,,,,,v2.1,2026-09-17T12:30:00
0917-1154,luna,q03,1,C,3,증상 범위 → 필터 → 저장공간 → 프로세스 → 패킷 → source-ip까지 단계별 구체 점검,Y,,,,,,v2.1,2026-09-17T12:30:00
0917-1154,luna,q03,1,D,1,"①로 내부 문제 특정은 적절하나, 2단계 로깅·syslog 설정 재확인이 '설정 정상' 단서와 겹치는 배제 조치 (Gemini q03과 동일 기준)",Y,,,,,,v2.1,2026-09-17T12:30:00
0917-1154,luna,q03,1,E,3,"2,771자, 외국 문자 없음",Y,,,,,,v2.1,2026-09-17T12:30:00
0917-1154,luna,q06,1,A,3,"show clock detail, show calendar, show ntp status/associations, ntp source, ntp update-calendar 모두 실재. 지어낸 용어 없음",,,,,,,v2.1,2026-09-17T12:30:00
0917-1154,luna,q06,1,B,3,"IOS/IOS XE 버전별 출력 차이 명시, ntp update-calendar 지원 여부는 명령어 가이드 확인 권고, 임의 시간 설정 금지",,,,,,,v2.1,2026-09-17T12:30:00
0917-1154,luna,q06,1,C,3,"타임존·서머타임, 동기화 상태, running/startup 비교, VRF·ACL·UDP123, 하드웨어 시계까지",,,,,,,v2.1,2026-09-17T12:30:00
0917-1154,luna,q06,1,D,3,"③에 '서버 변경은 마지막 단계'로 직답(○). 일정 시간차=타임존, 계속 틀어짐=NTP/HW로 증상 구분해 원인 가설 제시",,,,,,,v2.1,2026-09-17T12:30:00
0917-1154,luna,q06,1,E,3,"2,520자, 외국 문자 없음",,,,,,,v2.1,2026-09-17T12:30:00
0917-1154,luna,q07,1,A,3,"show redundancy, show logging, show version만 제시하고 플랫폼별 명령은 단정 회피. 지어낸 명령 없음",,,,,,,v2.1,2026-09-17T12:30:00
0917-1154,luna,q07,1,B,3,"모델 확인 없이 특정 명령 적용 금지, mode sso 추측 입력 금지, dual-active detection 임의 해제 위험 경고",,,,,,,v2.1,2026-09-17T12:30:00
0917-1154,luna,q07,1,C,3,"Standby 상태, HA peer link, VSS/StackWise Virtual, dual-active detection까지 구체 점검",,,,,,,v2.1,2026-09-17T12:30:00
0917-1154,luna,q07,1,D,3,"Cisco 먼저 확인으로 직답(○). ④(off 기록만)를 Standby 로그로 연결, HSRP와 장비 HA 구분, preempt가 1차 해결책 아님을 지적",,,,,,,v2.1,2026-09-17T12:30:00
0917-1154,luna,q07,1,E,3,"2,824자, 외국 문자 없음",,,,,,,v2.1,2026-09-17T12:30:00
0917-1154,luna,q09,1,A,3,"show inventory raw, show interfaces transceiver detail, show idprom, show errdisable recovery, service unsupported-transceiver 모두 실재",,,,,,,v2.1,2026-09-17T12:30:00
0917-1154,luna,q09,1,B,3,"플랫폼별 명령 차이 명시, service unsupported-transceiver 임의 적용 비권장, 호환성은 공식 문서 확인 권고",,,,,,,v2.1,2026-09-17T12:30:00
0917-1154,luna,q09,1,C,3,물리 확인 → 인식 여부 → 로그·err-disable → 호환성 → A/S까지,,,,,,,v2.1,2026-09-17T12:30:00
0917-1154,luna,q09,1,D,3,②(정품 확인됨)를 받아들이고 PID·포트 속도·IOS 버전 불일치로 원인 축소(○). ④⑤ A/S 경로를 정품/서드파티로 분리해 답,,,,,,,v2.1,2026-09-17T12:30:00
0917-1154,luna,q09,1,E,3,"2,847자, 외국 문자 없음",,,,,,,v2.1,2026-09-17T12:30:00
0917-1154,luna,q10,1,A,3,Cisco/Juniper 명령을 계열 수준으로만 제시하고 정확한 명령은 모델별 확인 권고. 지어낸 명령·용어 없음,,Y,,,,,v2.1,2026-09-17T12:30:00
0917-1154,luna,q10,1,B,3,정확한 명령은 장비 모델과 Junos/IOS 계열에 따라 달라질 수 있음을 명시,,Y,,,,,v2.1,2026-09-17T12:30:00
0917-1154,luna,q10,1,C,3,루프 안정화 → VLAN 허용·태깅 → STP 상호운용 → MAC 학습 → 이전 7단계,,Y,,,,,v2.1,2026-09-17T12:30:00
0917-1154,luna,q10,1,D,3,"③을 허용 VLAN·native VLAN으로, ④를 PVST+/RSTP 불일치와 중복 L2 경로로 연결(○). MST region·revision·매핑 일치까지 검증 방법 제시. STP 양쪽 해제는 금지로 명시",,Y,,,,,v2.1,2026-09-17T12:30:00
0917-1154,luna,q10,1,E,1,"3,133자로 3000자 초과",,Y,,,,,v2.1,2026-09-17T12:30:00
